x,y,label
1.995246966,0.990487835,0
-0.174479074,0.742320544,0
1.662045056,2.736045184,0
-0.465731065,1.892632862,0
1.444561602,1.13530029,0
1.317854106,-0.451589351,0
0.362973989,0.38848163,0
0.69427986,0.852035686,0
1.936021191,-1.488811664,0
1.181550585,2.19433734,0
0.356423111,1.161841457,0
2.589703219,0.203697616,0
1.593910655,0.809445388,0
1.200955659,-0.074291259,0
1.334397735,0.737586766,0
0.837836257,-0.150560256,0
1.496036532,1.278734262,0
0.431650496,0.50662087,0
2.632283467,3.123874958,0
0.203486789,0.241341589,0
1.40125851,0.702450928,0
2.880142425,0.993903245,0
0.144442338,2.494043663,0
-0.841793861,1.462730275,0
-0.245126354,2.121521975,0
1.472937605,2.231364591,0
0.188195454,1.418209075,0
1.416331791,0.810249591,0
1.29743846,0.494049944,0
-0.012063459,1.353913889,0
1.473065221,1.743632045,0
1.392830728,1.491602152,0
1.52658717,0.668504108,0
0.594997247,1.920751236,0
2.717839372,1.292279139,0
3.17332984,3.209825483,0
1.85649879,1.503235313,0
2.277567642,1.680701007,0
1.877809748,1.102364332,0
1.658633798,0.392825273,0
0.595717845,-0.107760658,0
2.384182137,2.046469915,0
1.243986589,1.691386863,0
0.466244778,1.799788032,0
1.959901579,0.102086212,0
0.12421562,0.014688898,0
1.31446393,1.548321753,0
0.888357005,1.431919541,0
0.866073814,0.722079665,0
0.469831443,0.91556312,0
0.585115329,0.353261507,0
1.901808708,1.647796213,0
2.168828498,0.63544558,0
1.512092132,-0.981685621,0
0.094868977,1.880402919,0
1.748082565,1.070810835,0
-0.142452399,1.097433735,0
1.788152605,0.984884604,0
-0.963375102,0.353050165,0
2.760832838,2.042430756,0
3.365435319,0.363232634,0
1.557085626,-0.936445528,0
0.852095862,-0.994591458,0
1.145114447,0.204210014,0
2.275067327,0.084599554,0
1.560808536,1.05669023,0
3.498192739,1.098863859,0
0.898822102,0.607757769,0
0.165903116,1.037266645,0
1.22994778,3.307149579,0
1.749607557,-0.33831233,0
0.206277548,0.737782573,0
1.121820458,0.406577517,0
1.150372163,1.055852271,0
2.363221351,0.454623847,0
2.574866171,0.791590843,0
2.337143533,1.083001541,0
0.503991748,0.679565706,0
1.831260444,0.787862878,0
2.025404992,0.582118201,0
0.257421286,0.572547396,0
1.781077593,-1.400469109,0
-0.669208985,1.603521901,0
2.042136727,1.547048331,0
0.208136516,0.710723414,0
0.087776551,0.514222908,0
-2.697878838,0.219552864,0
1.19473777,2.177699873,0
0.125788432,1.544115557,0
-0.724686632,1.321010579,0
0.906979942,0.910731647,0
0.706474273,1.176280218,0
2.361967409,1.965986501,0
0.365664558,1.560357059,0
-0.200936184,0.687654852,0
0.435166697,0.65727504,0
0.596381727,-0.273249254,0
-0.560987506,0.464773981,0
1.184886936,1.172613601,0
2.994851089,1.615206123,0
2.551396755,-0.105750461,0
0.594156212,2.850052466,0
2.084049711,0.623446875,0
0.128273717,0.396676896,0
0.213127821,2.258577755,0
-0.862861465,1.671752233,0
1.463976501,-0.719599654,0
0.989381794,-0.121006124,0
-0.424687429,0.385288172,0
0.782183902,1.775349506,0
2.827183383,0.93975128,0
0.519016706,1.084590004,0
0.370155604,1.048264978,0
0.59884093,3.977728757,0
0.690112958,-0.6878861,0
-0.239220752,-0.037434325,0
-1.023030913,1.064236858,0
0.769172899,2.593490006,0
2.292203035,1.060675001,0
0.599584501,0.786235975,0
0.649405576,2.154930423,0
0.623661034,1.970993821,0
-1.28499026,1.99464547,0
-0.238961934,0.643510846,0
2.417327575,-1.114572138,0
1.326274419,0.362986305,0
-0.081097107,0.952226088,0
-0.079170834,1.289986368,0
2.146777824,0.48454413,0
0.894407525,0.769924779,0
0.225434725,1.374326816,0
1.659681719,0.812780681,0
2.020679671,1.713617163,0
0.863026404,1.122699777,0
3.035603058,2.196351134,0
1.656410345,1.289004931,0
-0.451189523,-0.415476936,0
2.139063668,0.436846385,0
1.807273308,0.742612175,0
0.928294458,1.349691511,0
1.190104649,0.92569498,0
1.857011835,1.463906269,0
1.200245569,1.658833906,0
0.453443652,0.413794122,0
1.706290579,0.181212269,0
1.966702709,1.804993356,0
1.773245142,1.661511377,0
0.396458854,0.741702837,0
2.313062716,2.033139103,0
-0.214622998,-0.359413794,0
1.717692509,1.271868504,0
1.132498049,0.680273324,0
-0.224304737,2.508883437,0
1.207805411,2.116956364,0
0.34253057,1.205216575,0
3.442754415,1.165846937,0
2.514937257,1.681216188,0
0.086111027,2.749838447,0
0.269031488,1.032471415,0
3.562602602,-0.528238929,0
3.040373902,2.780609736,0
0.373146634,2.21518265,0
-0.747509822,1.240354887,0
2.207222701,2.101889189,0
-0.346075679,1.87843484,0
2.101697091,0.237431172,0
1.716613982,0.128541888,0
1.535477759,1.878377655,0
-0.556276575,2.517209685,0
1.319964967,3.16916858,0
1.283042497,-0.334766231,0
1.100117375,0.203830113,0
1.316870829,1.004726956,0
0.684813819,2.002706425,0
3.296341683,-1.137242759,0
2.149511821,-1.641239622,0
2.283393916,-0.068261685,0
1.131616427,0.132583268,0
0.503245125,2.893496311,0
2.754007759,-0.10866096,0
1.429324662,0.086537336,0
0.972067365,0.175959927,0
0.412446119,0.75738785,0
1.610715969,1.27408842,0
1.60879854,1.51483071,0
0.814313825,0.602611577,0
0.098945979,-0.202478769,0
1.617696771,1.156483171,0
1.819796889,0.682287067,0
0.293659042,1.125695559,0
0.331811905,1.662538451,0
0.677493764,2.232437169,0
1.255259887,1.451893184,0
1.389597736,2.163348838,0
1.753419947,2.351992341,0
1.966832912,0.21895277,0
-0.275788305,0.587130331,0
1.694769647,-0.310320224,0
0.711095884,1.682518688,0
0.023117868,0.726387396,0
1.155209234,0.516487771,0
0.417061883,1.582981718,0
1.280066468,1.586854169,0
0.035033121,2.738449245,0
0.165304661,1.311661561,0
1.652744455,0.442550247,0
1.249437653,-0.341117924,0
0.89835015,2.083443779,0
1.757577469,3.236391729,0
1.805691662,-0.688798814,0
1.342652274,-0.707043228,0
0.649905394,1.815034824,0
0.64237033,0.305404297,0
1.393685555,1.449375919,0
-0.593998533,1.090336836,0
1.238306801,-0.257954622,0
2.471132545,0.612120042,0
1.926867026,0.685886479,0
-1.529374973,1.157890595,0
2.359887562,1.690806885,0
-0.015483943,1.871751089,0
0.58768668,1.848563995,0
0.856423348,0.187326174,0
1.374813941,1.608539256,0
1.928027641,0.81027041,0
0.487864326,0.692079591,0
2.516366637,-0.274207033,0
0.522050352,1.662263371,0
1.164145402,0.411252116,0
0.738330789,0.729482377,0
-0.162443225,0.058626724,0
-0.31043139,1.113416097,0
1.241862112,0.792655007,0
1.851725199,1.704883301,0
0.933358755,0.924899631,0
1.251850905,1.574994506,0
-0.413221276,0.356144497,0
0.900211889,-0.127068961,0
0.807857817,0.238397429,0
-2.173243093,2.140244871,0
-0.966370333,1.601230366,0
1.652982263,1.191223464,0
-0.397939396,0.15922759,0
-0.122675499,1.424966555,0
0.870048452,2.823635397,0
-0.657062004,-0.076201958,0
0.726960557,0.733595711,0
0.112305362,1.280558416,0
0.846381482,1.909875336,0
0.698468447,0.169870792,0
0.59097338,1.498909643,0
-0.726207546,0.158635039,0
0.458818,1.378139451,0
-0.608404251,0.011351373,0
0.430216932,1.603126011,0
1.534434885,0.129527645,0
-0.643752406,0.567418201,0
-0.713002689,2.690115254,0
0.454306856,-1.209019377,0
-0.083057819,0.534087049,0
1.223859599,1.286502022,0
1.094690572,0.702381702,0
-1.317585087,2.196849003,0
0.870461095,0.850278586,0
1.745465995,1.324175531,0
0.200106123,1.40845603,0
2.385404579,0.795869578,0
0.802541419,1.095043737,0
1.417330517,-0.35979827,0
1.899083245,1.963483093,0
2.55835789,1.63526795,0
1.173251431,1.068937442,0
1.067446254,1.87302784,0
-0.045478935,2.505079772,0
-0.806449723,0.78544931,0
1.244746759,-0.952949821,0
1.275322566,-1.965851256,0
3.473867397,1.603025569,0
1.946771179,2.442844306,0
2.334845275,1.300825638,0
0.693871154,1.826507152,0
-0.068368808,2.162034734,0
1.969722146,0.137233875,0
0.669690362,-0.905434171,0
-0.358066207,1.568005581,0
1.504732945,1.955230439,0
-0.425600786,1.011455604,0
0.013559437,0.747297814,0
1.690348386,0.68940851,0
1.88582801,-0.037733246,0
-0.434905373,1.827658378,0
-0.024506394,0.146776397,0
1.699986617,1.333321388,0
-0.101390288,1.458691986,0
1.455375306,-0.492052,0
1.606317933,0.200280541,0
1.47111869,2.205688285,0
1.158430802,-0.256906616,0
0.780519434,3.048589017,0
1.611194426,0.364940748,0
0.159734235,0.031385658,0
2.275528468,-0.396523671,0
-1.085561049,0.94623361,0
1.080328741,0.708494803,0
-0.352986941,0.953059682,0
0.948214628,2.291239939,0
0.363647617,1.179567915,0
1.39914746,0.80515457,0
1.368086444,1.247003374,0
0.145745503,2.068662211,0
2.095641004,-1.253263099,0
1.93593234,1.88670563,0
2.546813488,0.081614122,0
1.066846633,2.14736281,0
-0.843499149,0.82986921,0
0.34442215,1.877249955,0
0.259985728,-0.585923125,0
0.924214447,2.749855855,0
1.687414906,2.567557102,0
1.979379627,1.696173426,0
0.060484445,2.33714429,0
1.053686102,1.610914961,0
1.189056088,-0.930219107,0
-0.176041259,1.686464393,0
1.658729914,0.567735731,0
-0.519500438,1.979178316,0
1.887073205,1.514293962,0
2.658196254,1.372453093,0
1.426627394,1.2934662,0
2.167203398,0.831194462,0
-0.277002199,-0.234186053,0
1.209824205,1.501007676,0
1.531957258,-0.218574723,0
1.053010125,0.742502633,0
2.662947675,1.026825525,0
1.073366921,1.311493427,0
2.12011787,0.44609629,0
0.546252014,0.729185618,0
2.030659335,-0.560082325,0
0.886704242,-1.115959774,0
1.596906241,0.830086297,0
-0.831676607,0.491847251,0
1.709936959,2.3237197,0
2.031830171,0.059251909,0
2.463783971,0.037348673,0
1.038724358,0.562785027,0
0.533160329,1.984182919,0
0.161924086,0.617586048,0
1.667615866,1.449258153,0
1.715274147,0.372609244,0
0.274207496,0.834363669,0
1.144045813,0.01490489,0
1.518796525,1.994502178,0
1.445990974,-1.457360795,0
1.291819564,2.260741924,0
0.914380736,1.333235819,0
1.282501327,0.682393567,0
-1.581794293,0.905656864,0
0.775608511,1.578037965,0
2.34060443,2.149658037,0
2.41794895,1.618507043,0
1.003097015,1.973051938,0
-0.241197165,2.448887223,0
1.360911971,0.095324439,0
0.655733929,1.533356948,0
0.104122911,2.943275119,0
-0.572427176,1.461634785,0
0.390066461,-0.423660708,0
-0.307591271,1.580994901,0
1.91263737,1.886974372,0
2.116276706,1.429342365,0
0.605307013,1.139826517,0
0.635934576,-0.607135683,0
1.97536236,0.045438973,0
1.118435379,1.243594873,0
2.565110141,0.651543112,0
0.564242784,1.000203761,0
1.979743897,1.763539413,0
1.627886399,1.924487254,0
1.762128052,0.007204449,0
1.497086457,2.134828126,0
2.116794784,1.576296806,0
-0.254474377,1.277987897,0
0.813564029,-0.286399465,0
1.178970229,-0.423770752,0
1.271883817,1.76414856,0
-0.426862372,1.079278963,0
1.560246889,1.881178719,0
0.145015876,0.949516897,0
1.888891126,1.643626217,0
2.513306135,-0.751061843,0
2.32600808,0.148247846,0
1.895240647,1.098563408,0
1.108834805,-0.224273451,0
0.174343283,0.425490971,0
2.105456528,2.108689379,0
0.658007512,0.662251704,0
2.991952845,1.473108049,0
0.556687904,0.514711945,0
2.235893241,1.076548062,0
0.564534472,-0.650730658,0
2.326465089,-1.088881967,0
-0.053739006,1.220471855,0
0.512107432,0.694349541,0
1.032397167,1.454722687,0
-1.410766267,2.797133963,0
0.681667369,0.841054736,0
0.303369049,-0.63297686,0
-1.145109927,-0.560374788,0
1.016962428,0.526381932,0
1.304960905,2.113829474,0
1.637827832,-0.254730734,0
0.544449305,1.673645918,0
0.307268087,0.692587664,0
1.304826701,1.07059695,0
-1.930256233,0.19221999,0
0.432378065,0.867585842,0
-0.322122224,-0.303347644,0
-0.977036927,-0.748084249,0
0.639553945,0.308885471,0
-0.896571876,-0.499627771,0
0.155472424,1.676504322,0
2.364644206,1.113558435,0
2.551111975,1.919815297,0
-0.170324808,0.081334024,0
0.122095346,0.29255059,0
1.960713101,1.199975764,0
0.922249312,-0.166498548,0
-0.203861516,-0.234812527,0
0.810519135,1.140292323,0
1.658821893,1.235682844,0
2.872038297,0.877950736,0
0.810977165,1.576342291,0
2.816181907,0.637340693,0
1.371741611,1.404529145,0
2.404648624,-1.228946708,0
0.041039966,0.19483121,0
0.89008695,0.403259552,0
2.254915669,0.316005801,0
-0.395468155,0.510768466,0
0.928112383,2.192369516,0
-0.821923016,1.954552668,0
0.540408937,3.218301624,0
1.65394947,2.261607704,0
2.303351884,0.02950529,0
0.420905861,0.607484658,0
1.286651185,0.640058575,0
1.788088561,-0.222857818,0
2.95353716,1.819321616,0
2.760894821,0.931385142,0
1.322487409,2.094457727,0
1.058325963,0.78129324,0
0.422087123,1.404878506,0
0.438955892,1.336941649,0
0.765999094,2.746622969,0
2.095615419,-0.19484366,0
1.896989863,1.053062129,0
2.235998854,-0.476073289,0
0.452711254,-0.134939259,0
-0.171281794,2.051088675,0
0.792818475,-0.83146548,0
0.233395131,1.489906734,0
0.277604828,0.063708472,0
1.181092548,-0.220580876,0
0.263700853,-1.39900326,0
1.759019452,0.574233022,0
0.342814492,1.230176077,0
0.747703986,0.85596793,0
2.187939545,-0.057992986,0
2.708083239,0.678075999,0
2.646031434,2.497409954,0
0.118977146,2.62261729,0
0.795514645,-0.773802314,0
1.887416104,0.327223865,0
0.647947707,1.310529061,0
1.384088326,0.497223976,0
-0.056439278,1.152976643,0
0.869261526,-0.699281329,0
1.47627828,1.281408755,0
0.656771528,0.138541114,0
1.577473242,-0.79947596,0
1.320412542,1.04956302,0
0.422077214,2.418399352,0
2.259612453,0.698223547,0
-0.358179942,1.860829317,0
2.581750146,2.742656656,0
0.415879593,0.94664019,0
0.583335268,0.85632358,0
2.036283612,-0.330023208,0
1.747077923,0.788723818,0
0.090589801,2.069848907,0
2.010165489,0.820412843,0
0.6693289,0.828464321,0
2.486228909,1.562532354,0
0.679297101,1.755283743,0
0.367440579,1.153620212,0
0.938799526,-0.521269285,0
1.824026179,0.252666394,0
2.067592989,2.02812488,0
0.582384387,-1.261415359,0
1.244748942,0.871587069,0
1.925314772,-0.101039658,0
0.8030346,1.298933832,0
0.783225137,-0.712886741,0
0.406697311,1.181535335,0
2.59508934,1.317225181,0
-0.507548464,0.469874142,0
0.548754545,0.484988777,0
-0.394923001,-0.102998537,0
0.550778414,2.015830128,0
1.125855134,-0.425679396,0
1.347776062,0.83285073,0
-0.23372237,0.743211763,0
-0.336852388,0.644287027,0
3.225791783,1.58017309,0
1.338329399,1.179965501,0
-0.564649371,0.397978513,0
1.519396123,-0.25195888,0
0.144267495,1.501860742,0
1.944494156,3.175675127,0
1.000764994,1.410738727,0
1.081450943,0.067008121,0
0.822563614,0.698018026,0
1.507606191,0.35200652,0
1.776397574,-1.384341453,0
0.690700457,2.716325105,0
0.464972865,1.248510891,0
1.461783252,0.459453025,0
0.98488447,2.655282766,0
1.84776894,2.405645266,0
-1.088373586,2.476549524,0
-0.096177855,-0.686017375,0
-1.258676958,0.504812608,0
-1.215837539,0.579974875,0
0.489468595,0.690566735,0
1.051207773,-1.421022789,0
2.212926252,1.000230931,0
-0.108293804,1.284558415,0
0.845545068,0.717360394,0
0.182966574,1.56028966,0
0.894423084,-0.532339009,0
-0.305972278,1.135407653,0
0.525079755,1.477753536,0
1.103697339,1.514499767,0
0.288030645,0.97336055,0
2.633021978,1.567202928,0
1.840715053,1.781562226,0
2.034240559,0.013067647,0
1.237263947,1.805482975,0
1.563392179,1.81005585,0
3.426226587,0.080333606,0
1.506459606,1.637352459,0
1.243699216,1.889632295,0
-0.575293333,-0.369531514,0
1.624069757,0.219644898,0
2.811864066,0.53357553,0
0.153827178,-0.943608575,0
1.990969054,-0.937034781,0
2.656868097,-0.263205744,0
1.124826989,0.182822018,0
1.866023344,1.57080077,0
1.122377766,0.320751378,0
0.566632107,0.024143645,0
0.720226515,0.895011635,0
1.456406979,1.975067142,0
1.303562371,2.852328411,0
1.120239573,0.076339501,0
0.423554777,0.121346294,0
-0.783473339,1.648413056,0
1.678242429,-0.216309121,0
0.746411132,0.619771939,0
-0.15468253,-0.577849159,0
1.7123627,2.4909257,0
-1.116693671,2.213217732,0
1.629726234,2.285178385,0
2.495154228,1.185710177,0
1.333755762,0.883649155,0
0.09185047,1.22895301,0
1.650007839,0.757697769,0
0.783324419,2.786351231,0
0.173417833,0.88367024,0
1.798833729,0.773799446,0
1.52305329,-0.401988763,0
-1.622921427,0.81917331,0
0.331911866,-1.167968103,0
2.617059758,1.434197499,0
2.200593245,-0.08534307,0
2.465518372,2.876278174,0
0.851358915,0.82645926,0
1.541346635,2.207287029,0
2.504701332,1.10365524,0
0.749608887,0.523851268,0
0.460147515,-1.50845323,0
1.962416764,1.282433829,0
1.422770364,0.655343863,0
0.499646337,0.718884842,0
0.458912469,-0.335731084,0
0.453929039,1.656143699,0
2.06119961,2.009658622,0
-0.380100205,-0.318257321,0
0.760357217,-1.258433751,0
0.562793504,1.610951028,0
1.903387505,1.817425344,0
-0.762322403,1.650582814,0
1.763177504,2.386764318,0
0.006512583,-1.192384273,0
1.478182729,0.008401762,0
1.096935142,0.388563758,0
2.534008205,1.998591949,0
1.54579995,0.888911893,0
4.080255117,1.049651913,0
0.515676355,-0.024582322,0
2.466330258,1.466010142,0
2.667511816,-0.855686476,0
1.801055596,2.921505671,0
2.881971218,1.658544231,0
0.289005995,0.396109075,0
-0.842450047,0.349401053,0
0.546076103,1.071341075,0
1.961616369,1.101301786,0
3.255793748,1.891943196,0
0.205951,1.763189804,0
1.082876721,1.102720032,0
-1.438975962,0.929914289,0
0.070590727,0.227688698,0
1.826649267,0.775657089,0
1.366366709,1.534791637,0
0.375428571,1.458829226,0
2.27833617,1.153141876,0
1.585398249,1.490828177,0
0.01959735,1.303381965,0
1.050495366,0.494923854,0
3.114993917,0.912936307,0
1.498312524,3.328051866,0
0.929912096,1.660398142,0
0.346038657,-0.660184573,0
-0.752451079,1.483562204,0
0.498660118,-0.300515748,0
-0.53521744,0.970402391,0
0.873593092,2.084266551,0
1.494643541,-0.192547535,0
0.754348512,0.325743396,0
1.670917368,2.637613214,0
0.289385324,-0.03511397,0
1.9172665,1.857333152,0
1.363639966,0.723088364,0
0.353225462,1.984252286,0
1.733144903,0.794283028,0
1.113316918,1.089874606,0
1.241257165,1.792594955,0
1.511468702,1.313958507,0
1.310816476,1.469540709,0
1.585966514,0.708036619,0
-0.440343282,-0.920317278,0
1.406352981,2.358890916,0
0.621544538,1.05233847,0
1.692799164,1.534999217,0
0.217087695,0.573765377,0
1.19847728,1.158512424,0
0.767074417,0.412156652,0
-1.073338251,1.329728623,0
-0.917863776,1.657358731,0
1.763311113,0.472766396,0
0.122816788,0.091007823,0
1.30515957,1.926190077,0
2.325338898,1.811243737,0
-0.18905428,1.164531856,0
0.304209526,1.064107146,0
1.53915992,-0.248985847,0
2.420619819,1.525986073,0
1.29330863,0.612845521,0
0.253320278,3.413355401,0
1.459284928,2.111967081,0
-0.075721988,-0.870974094,0
0.659354015,0.262087151,0
2.630984426,1.176633651,0
2.556656734,1.377362921,0
1.727027071,-0.730291954,0
0.273535394,0.604319358,0
1.869137556,0.453258597,0
0.691953061,0.873723881,0
2.274658866,1.096558854,0
-1.243544664,0.420949261,0
1.578686752,0.850740649,0
0.61862667,1.795577704,0
2.332823343,1.519188368,0
2.602853705,2.207118072,0
1.068984887,2.577498273,0
1.145169876,3.029697465,0
1.470148787,1.501206342,0
0.120107912,1.810907685,0
0.488389798,0.346618811,0
0.963184356,2.337197282,0
2.015028667,2.487179932,0
0.259668653,1.630443959,0
-0.020468827,-2.290731502,0
0.359879295,1.655489721,0
0.449468967,-1.055730474,0
2.291252837,-1.157302658,0
1.288122729,-0.187308146,0
0.1660155,1.519243469,0
1.26638208,1.765666689,0
1.35082075,0.628664835,0
1.523589924,1.035099251,0
0.078036094,-0.196494159,0
1.251590375,0.805379612,0
0.836487416,0.903680916,0
1.408463175,0.416865055,0
0.330527398,-1.352583344,0
1.635376397,0.727133673,0
1.745710004,2.270542872,0
-1.124754332,1.256784266,0
0.766262163,0.992761608,0
1.486549442,1.003644919,0
2.997718452,-0.33391513,0
1.241306317,-0.099272369,0
-1.25260735,-2.114457039,0
1.813334901,-0.014117386,0
2.075151227,0.478904892,0
0.481149631,2.162188515,0
1.068811093,0.408164667,0
1.121663216,3.207963428,0
1.43279157,2.011792833,0
1.960063741,1.263378424,0
2.228707663,1.097098869,0
0.96834839,0.451541547,0
-0.745598967,2.099632396,0
0.49508531,1.14196359,0
0.556600822,-0.552272989,0
0.113417293,1.549482352,0
0.435440069,1.290001162,0
0.268890024,1.582131977,0
1.18307994,1.55345653,0
0.824320176,1.062750118,0
0.576225097,-0.046080035,0
1.130900932,0.128974741,0
-0.127901539,0.085237137,0
1.370643941,1.867262227,0
-0.06661258,0.342254104,0
3.048187265,0.591145069,0
2.653652348,2.162552015,0
-0.039870017,2.567791219,0
0.79016296,-0.431979737,0
1.649522481,0.832278181,0
2.295376267,-0.585462729,0
1.362735711,0.053018913,0
1.17916519,1.261447107,0
1.63319233,1.906038525,0
0.297996935,0.986677068,0
2.465031607,1.824191236,0
0.908316068,-0.769522218,0
0.611589424,0.631919105,0
2.666629342,1.15698048,0
1.718433509,1.953577484,0
1.227019375,1.499392244,0
-0.363282966,0.165185266,0
1.370561047,0.934938076,0
1.120249552,2.257577953,0
1.285630974,3.286276686,0
1.598694962,0.322221678,0
0.578868753,0.797966095,0
0.324905089,1.870139495,0
1.423031308,0.409448413,0
1.988320868,1.994574587,0
0.543832887,1.753432626,0
-0.539622448,1.554255348,0
1.542518789,0.722756824,0
0.877142795,2.132012769,0
1.749329275,0.876228162,0
0.657956754,1.201525094,0
0.740256578,1.103056602,0
1.954131138,0.347620464,0
2.713563721,1.055819804,0
0.603607072,1.369354808,0
0.869475919,0.216229238,0
0.775332838,1.64852998,0
1.411039717,1.822240673,0
2.068862729,1.075350624,0
2.610160911,1.209408134,0
-1.344348372,0.401828875,0
0.764107485,1.245355876,0
0.668330196,2.989550922,0
2.338354589,2.045045162,0
1.241997251,0.557448053,0
0.139687842,2.504139796,0
2.217844192,0.01267537,0
2.411363736,1.101121042,0
1.331262286,0.976734659,0
1.454671692,0.932784247,0
2.435717854,1.664929467,0
0.008254107,0.65266955,0
0.931174665,1.392020375,0
1.468531399,2.011194658,0
0.876600711,1.656200847,0
2.895665996,-0.037911694,0
0.358485698,1.757420549,0
1.337716008,0.456815336,0
0.885727176,0.559408281,0
0.412399603,0.072410428,0
1.507355369,1.083517536,0
1.494529638,0.988371464,0
0.565644874,0.841172903,0
-0.954935511,1.247853609,0
-0.044318904,1.198839265,0
2.233228884,2.055577733,0
0.462217687,1.137385445,0
-0.515806052,1.646668013,0
0.89970561,-0.060955552,0
2.195861999,1.878976183,0
0.410702786,0.816841213,0
3.725443912,0.09920233,0
-0.852364111,1.926654404,0
1.354598691,2.182865971,0
0.938281368,2.409941564,0
0.43176044,0.050737955,0
1.597851063,0.482611279,0
2.731434388,2.507464452,0
1.940165817,1.556006031,0
0.516465489,1.165832598,0
2.249651437,2.111163942,0
1.745248319,2.355912959,0
0.037156649,0.150087522,0
2.019632065,2.505009869,0
-0.203931941,0.303835169,0
-0.475734388,0.340858502,0
0.02723225,0.684970832,0
1.880753473,0.958546116,0
1.51224214,1.051667866,0
1.151447146,1.041036143,0
1.401821855,-0.016018955,0
0.472839868,1.848654386,0
0.954181616,0.774849046,0
2.147561742,1.050335129,0
0.951880275,0.87718499,0
0.527210021,-0.212923783,0
0.512747513,-0.293571802,0
0.432745343,0.818319445,0
1.542355778,3.269743619,0
0.586917925,1.282797522,0
1.840998446,1.971805769,0
-0.016952031,-0.129776672,0
2.073238226,1.631717676,0
1.32317312,0.796917049,0
0.987493053,1.839591457,0
0.519424341,1.065235217,0
1.603181681,1.191950401,0
2.35089041,1.398926794,0
0.645684728,1.13236883,0
1.878563983,0.639830078,0
1.812037251,1.318811645,0
0.946645743,2.205442196,0
-0.509169945,2.212469127,0
1.644351007,2.199887561,0
2.107202128,0.684357338,0
1.389143356,0.769751771,0
0.63146381,0.909098667,0
1.449710846,0.733785659,0
0.983759971,3.300318575,0
1.619481618,0.593732419,0
2.84256995,-0.081305458,0
1.395556312,1.125578318,0
-0.051999457,0.406013493,0
1.119342275,0.115633408,0
0.665338626,-0.707780097,0
-0.385895316,0.564785884,0
2.163991114,2.561308643,0
3.175901175,0.207584827,0
0.422757424,1.123088588,0
1.074079986,0.985089053,0
0.08464965,0.15427215,0
2.712427163,0.016619512,0
0.87794819,-0.073106469,0
2.311885823,-0.401549263,0
0.282341406,-0.152380858,0
-1.091614094,1.151974936,0
3.157842736,1.047852976,0
1.053283771,0.210748468,0
0.709740484,1.428092548,0
0.19358131,0.649356774,0
3.007250868,1.592977996,0
2.159875653,1.075444352,0
0.811423816,0.997708942,0
2.212094305,0.956916048,0
1.506092938,0.403705557,0
1.551728826,-0.578044369,0
1.781100968,0.645190056,0
0.731756946,2.144138521,0
0.089348531,2.510457602,0
1.791175399,0.705792302,0
1.908420181,1.195238054,0
0.0554571,2.452808546,0
-1.51146637,-0.801684309,0
1.270609877,2.871963461,0
1.203565631,1.189646291,0
1.550013733,0.783345025,0
0.268444074,0.587469706,0
1.556277763,0.05769219,0
0.376532051,1.317490431,0
1.096834932,0.314576233,0
1.906450823,0.394973082,0
0.455151373,1.371927477,0
1.378324484,1.762747825,0
1.784325991,1.176572457,0
-0.176700386,0.328472977,0
1.661570282,1.11781962,0
-0.854426354,1.241701968,0
0.680183358,0.542058824,0
1.454539808,2.206349826,0
1.912249197,2.356396047,0
0.723366608,0.814926723,0
2.418812772,0.048978541,0
0.226329087,0.605415191,0
0.755143607,1.757290338,0
0.765193545,0.548708449,0
1.697617095,2.389344078,0
-0.704142849,0.781883771,0
1.29673781,0.778177913,0
-0.334056372,-0.228025815,0
2.172878505,1.114471012,0
1.874633779,-0.062916515,0
-0.600321725,1.786491815,0
0.857828658,-0.058487668,0
0.183782597,1.306393581,0
2.005898481,0.830868685,0
2.537437049,1.389062121,0
0.292724108,-0.005877948,0
1.101413688,1.094272039,0
1.276392117,1.420208784,0
-0.487927783,-0.038119414,0
-0.64055663,1.310518869,0
0.428892507,1.48034578,0
3.2258605,0.767778168,0
1.618880853,1.26907289,0
1.134837024,0.300980822,0
-1.198718798,-0.48593759,0
0.636587623,1.727308036,0
2.144006494,2.685706139,0
0.684564105,1.849373654,0
1.903912911,1.507356356,0
2.94918193,1.496204058,0
-0.441756294,0.694922781,0
1.936524613,0.178476247,0
2.213757855,0.864148008,0
-0.143179057,2.082535797,0
2.05516708,0.371509541,0
2.393320284,-0.372984778,0
0.576841217,0.344838095,0
-0.014751607,-0.631231756,0
-0.109812043,-0.080589494,0
0.801770936,-1.131527241,0
0.543407868,1.554062328,0
2.179672528,-0.190216281,0
1.553135612,1.725129589,0
1.454967542,1.155228445,0
1.694245955,1.626721404,0
0.974091735,2.369158394,0
0.686581812,1.499010834,0
0.102251768,1.637498997,0
0.908692884,2.391270884,0
1.471623695,1.277779813,0
0.64669244,1.270298517,0
1.120779568,0.910443583,0
0.801344186,2.066630129,0
1.112810041,1.422146883,0
1.651868224,0.157660702,0
1.152398661,2.922638978,0
2.07172454,3.165899733,0
-0.252201116,0.553713963,0
2.008227194,1.49996929,0
-0.282733384,-0.065169545,0
0.965351356,0.322312644,0
0.266674297,-0.052223215,0
-0.770696713,3.067714242,0
1.368759682,1.609334738,0
1.380239942,2.842686818,0
1.718723822,0.355053084,0
-0.364192471,0.625058012,0
1.555319203,3.184296109,0
2.191583597,-0.307558289,0
1.381851302,0.676394985,0
2.480682633,1.502228262,0
0.969746571,-1.727991128,0
0.435980843,0.203036848,0
0.877808077,0.914347301,0
1.33084157,0.467518609,0
0.602049141,0.840743634,0
-0.329299304,1.324040394,0
0.845436151,0.524450865,0
0.216213061,2.208751357,0
2.676653831,1.225691987,0
0.665672545,-0.160409333,0
1.344584246,-1.280301889,0
1.899678611,-0.641108162,0
1.250603635,1.066947235,0
1.710599812,1.528570904,0
-0.202016979,0.946965181,0
2.934571618,-0.002193333,0
0.796274308,1.217665716,0
1.684798391,0.692205167,0
0.844382324,1.116747846,0
3.745534864,2.827012586,1
3.153186993,3.248145322,1
2.876557343,2.693158886,1
2.61831771,5.723589009,1
6.296010917,2.680550233,1
3.645835988,1.833791287,1
2.480233534,2.807674997,1
2.806238613,5.327799091,1
3.897311951,4.138227445,1
5.017237918,5.526816547,1
2.781379136,5.565007911,1
2.477089892,3.839839715,1
3.860586754,3.060063714,1
1.530496762,3.917191469,1
4.476989482,5.388882126,1
2.959063009,5.200621914,1
4.478848271,4.145642904,1
2.905033645,5.122425565,1
3.769034821,4.011014692,1
3.922774377,3.295831526,1
4.01509425,4.233512531,1
3.680709669,5.263288307,1
4.588329608,5.011776223,1
3.848931917,4.934754096,1
3.763868666,3.444466283,1
4.218382362,3.371102976,1
3.95281385,4.748327292,1
3.364489363,3.804735691,1
3.346673715,4.327658533,1
3.386011519,6.148075007,1
5.195166396,4.150262943,1
4.638784397,2.782553939,1
4.027523747,2.796136842,1
5.53871492,4.458753442,1
3.77755865,4.580899221,1
4.469854845,2.9713463,1
2.965357285,3.737367045,1
4.1143334,5.105919954,1
2.79865043,3.537194557,1
3.673397453,3.9182313,1
2.368893971,3.91213269,1
4.384970958,5.93095515,1
4.906117579,5.278167574,1
2.755378941,4.039850499,1
3.084125822,5.573050153,1
2.090742755,2.969377772,1
4.031118151,3.456411848,1
3.727297576,3.93968148,1
4.25428987,2.951030267,1
3.014749097,4.811204594,1
3.958973052,3.931666687,1
3.962511935,3.069262094,1
5.053454904,4.072209128,1
2.724921954,5.084231443,1
3.595226613,4.260209595,1
5.01065526,6.193440636,1
2.933011326,2.760123638,1
6.67865322,4.21013447,1
2.499042072,3.408332924,1
4.013768537,4.593696406,1
4.396368603,3.17422796,1
4.848459416,2.767450954,1
5.769535358,2.913088656,1
2.583398427,4.59895232,1
4.479256568,6.543842036,1
4.705139251,3.848463813,1
4.195178799,3.325061148,1
4.24469077,2.149155251,1
2.475659061,4.34008239,1
1.02275653,2.997455745,1
3.660516503,3.058090949,1
4.446052548,3.478654951,1
4.004963857,4.513515426,1
3.413848842,3.77964218,1
3.292438435,3.679110363,1
0.930233375,4.216945011,1
1.772595763,5.009027939,1
4.20170279,5.095699934,1
3.323342735,4.886939972,1
2.731756986,4.05228929,1
2.565282399,5.549144287,1
3.162566701,4.200721788,1
1.839560842,5.128225563,1
2.630863609,3.090013821,1
3.442064104,3.524674747,1
4.193920297,5.663285479,1
3.74253613,3.860392698,1
4.237055624,5.770477947,1
3.209104327,6.679309426,1
3.952189269,5.037492692,1
3.888777693,5.46030777,1
4.348990075,3.43506633,1
4.090166151,5.394589715,1
2.998363715,4.044088018,1
4.319259439,3.65560298,1
4.711500336,4.201509602,1
3.523163078,5.840979618,1
5.523128644,4.361972302,1
5.07739403,2.962912058,1
3.542245632,3.875763286,1
3.941602123,4.875790897,1
5.178470017,4.442228355,1
3.139200782,3.815111466,1
4.315487314,1.811596978,1
2.024129514,3.189018127,1
4.222990655,4.026701364,1
4.324297856,4.601598969,1
6.687839919,4.759554844,1
4.039181504,5.07005084,1
2.225728282,5.010694497,1
5.372128328,4.682989154,1
5.055178843,2.957382236,1
3.845141209,3.780558213,1
3.3358314,5.077193097,1
2.343719857,3.635796983,1
3.806766583,5.071889413,1
4.440388587,4.26581939,1
4.840796891,4.070939683,1
4.046436096,5.201960997,1
4.402439199,2.041826891,1
2.894589305,3.811693457,1
5.715499606,3.374014468,1
2.549554331,3.919019377,1
4.313298784,4.369589619,1
2.552000241,4.504751696,1
4.451763557,6.506065066,1
3.428361737,4.321727755,1
4.41916764,3.860326847,1
3.124861778,3.997969711,1
5.185583951,3.057163785,1
4.550739737,5.974577407,1
3.04145629,1.816239125,1
4.392093882,3.330659302,1
5.354521778,4.591256483,1
4.132071378,7.13155501,1
4.823132187,4.129911933,1
5.714695079,3.838455292,1
4.25221977,2.96552545,1
4.282019741,4.45718702,1
2.930374668,4.221206805,1
3.04352158,4.501842987,1
5.433218984,3.26702962,1
3.999370998,3.443422773,1
4.980023664,4.460051167,1
3.581798929,3.615600985,1
4.480984415,2.617886571,1
3.11924809,4.501526546,1
3.319804875,3.30596014,1
6.310577645,4.386935466,1
4.138466018,2.646463007,1
2.382232694,4.349955059,1
4.14804974,5.127604095,1
4.45522655,4.834557425,1
3.417265109,4.93053979,1
2.643167939,6.293117329,1
3.078692732,4.391019695,1
3.785427204,3.032740835,1
5.040099639,4.949054059,1
3.935785376,4.517061378,1
4.837321817,3.725377472,1
4.31953346,4.079685236,1
5.32485326,5.711522992,1
3.793509678,2.955722465,1
4.150578754,3.960468949,1
4.906641565,3.510803649,1
3.620313859,4.502869928,1
3.84883756,2.117874628,1
4.742991652,3.852063889,1
3.590993955,3.684902899,1
4.818611558,3.168341314,1
4.207935433,5.075688345,1
4.493588124,3.264450943,1
4.852233685,5.188469998,1
3.802129004,3.974177498,1
4.119604103,5.540688494,1
5.155230743,4.769945208,1
4.042804835,4.586803621,1
5.714496222,2.415235767,1
4.358743577,4.589775463,1
5.000947835,5.463455952,1
3.956622178,5.758926968,1
3.982272488,4.972985881,1
3.970312362,5.353403221,1
4.084456257,5.704061995,1
4.413543547,5.991528598,1
3.060123421,4.237131163,1
5.748894492,4.51194353,1
4.761101297,2.68644425,1
2.752548227,4.110251984,1
3.925348723,4.203755747,1
4.771905,3.894996982,1
3.004792498,4.008803343,1
5.852654599,1.771349955,1
4.870584479,4.674924373,1
4.387256106,5.702585045,1
3.960108653,1.990637248,1
2.261173284,3.111464038,1
3.607059397,5.076729027,1
3.554393975,3.875167979,1
3.686811272,4.259926419,1
4.131661877,2.905459553,1
4.40848269,5.035878723,1
3.355222829,3.224390288,1
4.165724105,5.727997135,1
3.402668965,3.691470031,1
4.333559577,4.118666943,1
4.962385972,4.936484164,1
4.857809464,2.860467076,1
2.966050604,4.558771019,1
3.20292794,4.265443094,1
1.65566603,2.005320795,1
3.95409066,6.08390279,1
4.465271178,4.014623574,1
2.933830348,2.509527164,1
3.077326231,3.917240057,1
2.66350556,1.937547475,1
3.099312667,3.635157386,1
3.762762318,2.847137419,1
4.570432856,3.938015521,1
5.224562398,4.459121086,1
3.571330808,4.13001039,1
3.494113716,4.62475122,1
2.919049409,3.697530167,1
3.95112982,3.289743396,1
5.298095463,4.016754584,1
3.308364525,1.648859117,1
4.716442686,3.892326721,1
3.75172531,5.390949305,1
4.336716552,2.036039435,1
3.34151914,4.864333918,1
3.030220664,4.623094753,1
3.073339129,2.60125547,1
3.482258241,4.442627901,1
4.675235192,4.634437205,1
4.244359411,4.260948162,1
5.144724733,5.751299243,1
1.719707273,4.69748239,1
3.650835621,4.175099321,1
4.03822647,3.379591545,1
6.011318753,2.611825457,1
4.7269116,7.343886776,1
2.146103837,4.771081033,1
5.788765151,4.510492983,1
5.846258597,5.999648005,1
3.2582098,4.53532731,1
6.13970222,5.138297109,1
2.904121348,2.963408148,1
4.002766214,3.904152227,1
2.839713786,4.723858157,1
3.848031297,5.914358297,1
4.088917699,2.792870504,1
2.419978597,4.068219142,1
2.876253006,5.369326825,1
3.358168682,3.306525622,1
2.778692894,5.301199925,1
4.533740838,2.029217686,1
1.073761586,4.635341328,1
3.247108946,4.006758037,1
4.107559426,4.076491858,1
5.589814936,4.52299102,1
4.561009164,3.07268715,1
5.188883903,3.209935562,1
3.729677755,3.766933829,1
3.705192691,4.57300753,1
2.358090604,4.19417722,1
4.249745101,3.423266268,1
5.311498825,2.346373797,1
5.037762836,4.043595556,1
4.970790791,2.636105721,1
3.540803683,5.95661431,1
4.697735028,2.067185036,1
5.177776355,3.169157408,1
4.016657858,2.70281632,1
4.148317446,4.3553974,1
4.260648589,4.750596696,1
4.279473122,4.793332335,1
5.019194182,3.70701942,1
2.877492963,5.570843631,1
3.347568684,4.522932775,1
3.284103545,2.643208541,1
4.198030942,4.634657573,1
4.599393411,5.747723982,1
4.381395283,1.571377607,1
1.893945584,3.339671242,1
1.532393084,4.082287537,1
3.961604631,4.205884798,1
4.552870061,2.981374163,1
3.583664117,4.815873458,1
3.514996954,3.568473433,1
4.722380823,1.816090109,1
1.815770341,5.382074358,1
4.140830116,1.797851085,1
3.596425203,3.355555219,1
3.643981431,2.166065792,1
4.402751557,1.360957152,1
4.614138925,5.02781139,1
2.621795234,3.023840863,1
4.13333649,3.620735707,1
3.133754101,4.274929242,1
3.789494112,4.094250997,1
3.375864548,4.406366812,1
2.343236328,4.388223584,1
3.500284562,3.411453371,1
3.310288147,4.260595562,1
5.86589857,4.052369111,1
3.014615989,5.109768749,1
3.969314494,4.447037126,1
4.89315456,3.967090027,1
3.367442674,2.959967114,1
4.511400242,3.219041785,1
3.489354747,4.097473655,1
4.525834226,4.523670454,1
1.86386083,3.812554145,1
4.787867937,3.664112318,1
4.674860426,4.83811939,1
3.276677526,2.617577634,1
3.9797779,4.127318089,1
3.53239218,5.301117501,1
4.318009975,3.516446145,1
3.356709128,3.796634114,1
3.600145134,2.515785145,1
4.01279452,3.254099436,1
3.934047415,3.194696648,1
3.879715164,5.158322703,1
2.573656065,3.529796969,1
2.413867881,3.456405543,1
3.767054429,5.693902395,1
3.925514983,3.022548338,1
5.589635541,4.802933361,1
3.276189678,6.082182103,1
4.142669367,4.213869456,1
6.326659004,3.057738034,1
4.678343384,4.82450374,1
4.36058169,3.879894238,1
2.62480206,2.094366356,1
3.411014695,1.71635322,1
5.01326267,3.819972928,1
3.799775221,4.542267055,1
3.413072176,2.578954974,1
3.933672996,5.84925268,1
2.638237294,5.101087768,1
3.772315765,5.092087422,1
6.090336279,3.798343488,1
4.381078669,4.025337405,1
3.888915795,4.334795782,1
4.090928834,4.068202882,1
4.167655857,3.898516655,1
3.595543376,3.858331435,1
2.958993401,4.97272859,1
3.737926001,3.3356358,1
3.785170108,4.356803939,1
3.357050237,4.733073661,1
2.791297248,2.579667448,1
3.34724098,3.895413016,1
3.82768664,4.467692571,1
3.814539955,3.573302494,1
3.106286685,3.095338831,1
4.675786113,3.772666165,1
3.446650673,3.47585368,1
2.05459714,4.994272821,1
2.656983638,4.046489505,1
3.503324821,4.020555037,1
3.972134256,3.840354675,1
3.666688809,3.476043667,1
3.48901427,4.044840968,1
4.400279704,3.846818672,1
4.379308248,3.074504079,1
2.327879902,2.543299033,1
5.233764974,4.061964251,1
5.476745217,3.778902728,1
2.947920503,3.498347999,1
6.300827172,4.357546626,1
3.971069229,2.674443919,1
5.800158559,3.206193862,1
2.320955012,4.174963418,1
4.906901327,4.138845664,1
3.844740124,4.459332369,1
5.394184095,3.33987748,1
4.550223545,3.162926764,1
2.670202097,3.934510852,1
4.732264913,3.640340935,1
3.366814773,2.017442002,1
2.408575058,3.942122328,1
2.913075575,3.996692613,1
2.416309245,5.148720285,1
3.271750546,4.070277138,1
4.683444539,1.812113143,1
5.029472144,3.817948123,1
4.427161066,3.949949461,1
4.485435883,5.009732588,1
4.416623962,2.666899061,1
3.967429696,4.902030175,1
4.2882224,3.294462747,1
1.024031251,4.777136294,1
2.645701654,3.515988313,1
2.371092248,4.469940196,1
5.025659933,3.0926517,1
4.022137675,5.020017294,1
3.87222623,4.471547464,1
5.660263263,5.380490859,1
2.531071668,4.381941947,1
5.935033669,5.23047991,1
2.872665991,5.00126115,1
3.119003575,4.094239011,1
4.33512155,2.679894558,1
3.394929395,3.271241601,1
4.246767553,4.032922116,1
3.825648432,4.006929798,1
5.19622827,3.644662905,1
3.380703473,3.062303318,1
3.796106402,4.891940922,1
3.919205685,2.877272258,1
2.786307752,4.186990699,1
2.563144949,5.644600619,1
4.376385507,3.831457638,1
3.355273063,3.522672486,1
3.13500142,2.338647645,1
3.678762114,3.132704982,1
5.559919586,3.527534415,1
3.798237751,3.13013599,1
5.894070385,3.976282737,1
4.422069834,4.562117925,1
2.041873605,1.515349093,1
4.765073798,3.584233125,1
6.123137903,4.901629867,1
5.412404803,2.898018354,1
3.859516145,4.565668318,1
3.539901652,3.095019846,1
3.954569976,5.360137157,1
3.454164786,4.236105691,1
3.991558451,5.355899379,1
3.659531998,3.414620756,1
4.779179392,2.432073742,1
4.798037753,2.945364159,1
4.989102852,2.822595956,1
4.697187145,3.955013199,1
3.133066674,3.426569317,1
4.350635267,5.426586682,1
5.754089235,5.002542096,1
4.599266935,3.505184757,1
2.448453877,5.695859596,1
4.917445835,4.551700271,1
2.787240524,3.462392578,1
2.950324037,4.071128152,1
3.569421744,5.840804636,1
3.637156395,5.563205342,1
2.592175787,2.923721484,1
2.558675039,1.641527184,1
2.491531034,3.131351404,1
4.745222766,3.703284343,1
5.10273516,3.632577292,1
2.84356847,5.23223308,1
3.258248032,4.280835073,1
4.64426896,3.46136033,1
3.370530273,4.730155755,1
3.44912155,4.251439146,1
4.407886969,3.718979108,1
1.803341918,4.932687583,1
3.132466263,4.213056006,1
4.527084518,4.471275915,1
4.84024005,4.3306792,1
4.841564866,3.173589249,1
4.017390588,3.638977339,1
3.052242826,4.455155037,1
3.768493916,4.431269298,1
2.470373154,3.524409316,1
3.650850673,3.960791571,1
4.978408841,3.356552217,1
4.533708266,3.534333727,1
5.118123544,3.553290044,1
2.826952112,6.03949352,1
1.67005723,3.485002111,1
4.455723189,5.338394999,1
3.089536989,3.164140303,1
3.173647523,5.926573011,1
5.18103758,2.312323508,1
3.935942975,2.433122005,1
2.612918919,4.277355049,1
4.008683209,3.267591586,1
2.923025722,4.314421008,1
3.675043321,3.646868019,1
4.50086791,2.840135177,1
3.752373952,3.368073976,1
4.129275996,3.209442474,1
3.215265689,4.316113634,1
3.270586986,5.389514499,1
4.186845629,4.690686012,1
3.636596435,3.798924747,1
3.70314297,4.075370037,1
3.591360878,5.311249781,1
3.247197038,1.730064622,1
4.761183244,3.145889671,1
5.631023019,3.845396727,1
3.754749897,6.166455556,1
4.110350389,6.818709482,1
3.386906366,2.926599301,1
3.226913931,3.4067717,1
3.663404447,3.183745773,1
3.686882172,5.07781317,1
3.641579951,4.57204807,1
4.623807097,3.478332621,1
4.409506908,5.755027293,1
3.540608265,4.826625629,1
2.134699234,2.436612096,1
4.37631789,2.772188351,1
3.793117758,3.396481769,1
3.653055741,5.033740698,1
3.809009894,2.709260494,1
4.621198903,3.203171595,1
4.482288474,4.108648944,1
1.666378903,4.059494758,1
3.332443555,2.665180988,1
3.384019637,3.604542842,1
3.537806436,4.831835632,1
3.892643128,4.034262932,1
2.198128993,4.074712471,1
2.870509165,2.791290637,1
4.116612437,3.12079954,1
3.793537439,3.768467836,1
3.888748995,4.438774459,1
4.498989903,3.211446875,1
3.876231898,5.040215111,1
4.151206518,5.649501599,1
3.366861879,4.332195357,1
4.221420694,3.378187451,1
3.190800629,3.856126275,1
5.161725554,2.326825601,1
5.573895286,4.164836154,1
3.867840023,4.241585582,1
4.466550982,3.940606501,1
3.645270522,5.084047444,1
3.778590056,4.808421421,1
3.697124971,3.299403452,1
3.082104747,6.581272148,1
3.298225116,3.890632699,1
3.546578494,5.158825176,1
4.323303401,2.731400791,1
2.841684495,5.899240969,1
3.876606795,3.982936681,1
4.631924447,2.7585461,1
4.825224161,4.068716538,1
1.512296078,5.263897701,1
1.472641564,3.433209471,1
6.181796756,2.827472828,1
4.01088256,4.129140643,1
5.330349316,3.065847301,1
3.015670228,3.754018943,1
4.939342598,3.614956913,1
3.626421076,4.236304283,1
2.848876875,4.127826407,1
3.541371034,4.683455106,1
4.366428397,5.122108422,1
3.617366457,1.449159441,1
4.480789068,2.165617743,1
3.419480444,5.551775414,1
4.376415604,3.415442662,1
5.235379449,3.266634746,1
3.703740862,4.398655017,1
4.666713774,2.933122972,1
3.675328896,3.65963709,1
4.074873786,2.73932026,1
5.27755687,4.272801865,1
2.506115315,3.782186051,1
6.162248885,3.812918435,1
4.969657421,4.426091694,1
4.377746315,3.24778967,1
3.877159977,4.045980558,1
1.603448408,3.684721627,1
3.93011243,4.392488243,1
4.852792537,4.006603852,1
4.867010169,3.458115289,1
4.794165844,3.380895976,1
2.821789926,5.067768347,1
4.714478287,5.863893419,1
4.043717193,3.858900988,1
1.800414758,3.885295822,1
4.137491966,3.137155409,1
2.643186113,2.621007765,1
4.56574776,3.299417109,1
5.044873877,2.181662256,1
3.407271369,2.676880455,1
5.037811573,3.511040789,1
2.117928735,5.057657176,1
4.778202345,2.781923487,1
6.73132572,4.293464458,1
3.623442965,3.989243521,1
3.333292013,3.289337984,1
4.491240511,4.488834993,1
1.733238854,2.644431489,1
4.487765811,3.942408524,1
2.369897697,5.909252664,1
4.7497249,3.874870156,1
4.487699923,4.754761112,1
4.125520768,4.148645882,1
4.842005324,3.900272918,1
4.248667126,4.258126982,1
4.168613317,4.122136029,1
3.761549397,4.282757387,1
3.671832221,3.29881961,1
3.958094616,3.028819994,1
3.841928445,3.676140444,1
4.796127318,3.947171399,1
5.295147639,5.336105589,1
5.008923397,5.522478684,1
3.14896454,4.588890297,1
5.059850969,4.526909032,1
3.655252752,4.386726339,1
4.197608997,4.408542979,1
4.423306182,3.545622145,1
1.809482789,3.63089683,1
2.033507997,5.387422448,1
3.401815979,3.470422729,1
4.347486274,0.701156224,1
3.520776913,4.051758496,1
5.520710482,5.047738289,1
4.140890262,4.793634661,1
4.702209684,3.94678177,1
3.947934062,3.12330126,1
4.483686225,3.368914109,1
4.889869095,3.154654251,1
3.204136382,2.988418165,1
3.058951272,5.291744918,1
4.489633369,5.058571603,1
4.474731737,2.684640028,1
3.677723595,4.867901933,1
4.704231942,4.754795543,1
3.811268581,3.472684142,1
5.547093573,3.772122654,1
3.964941142,3.363743175,1
4.033812633,4.033590297,1
3.439357314,4.348009123,1
5.216157878,3.959996542,1
3.451208408,2.503532538,1
4.89555271,3.81304256,1
3.56932438,4.580284326,1
4.7580247,3.713795145,1
5.806369764,3.801127283,1
1.307163841,5.220440412,1
3.789581298,4.812361424,1
4.182759837,3.357692622,1
3.294714097,3.020804889,1
4.012079013,3.91976866,1
4.206849195,3.699099615,1
3.890971581,4.834727685,1
6.915390846,4.565271408,1
4.082190405,4.39269062,1
5.492859723,3.414958841,1
4.954999012,4.172398417,1
3.120046399,6.306814444,1
3.255869487,3.824557032,1
2.78620305,5.514318316,1
5.956264181,4.492424919,1
2.454816658,3.39903119,1
3.655458364,3.115322904,1
2.951631271,2.861530491,1
4.01957935,2.613478357,1
3.711674865,4.631874305,1
4.325845574,4.660755163,1
4.632416482,4.406475518,1
4.678565945,4.639055784,1
5.459965754,4.591155433,1
3.835565885,2.904957672,1
2.782337433,3.776147942,1
4.430895253,3.0709862,1
2.177189374,4.623152555,1
2.588964687,4.869750086,1
3.34414976,3.95323219,1
2.685727848,3.024937237,1
5.04985504,3.951541706,1
5.891169933,3.914338713,1
5.072639395,4.873432458,1
4.85953754,3.260876583,1
4.645243043,3.187613454,1
4.754795889,3.193266733,1
5.159715342,3.59243202,1
4.147973764,3.104270211,1
2.064550652,4.787534134,1
3.541086157,4.094959408,1
5.548047479,3.840603356,1
3.909222051,3.136940526,1
3.593884525,3.614572294,1
2.513932192,3.267336436,1
2.527152326,3.880028172,1
4.188785593,4.845906246,1
2.001590912,2.228076666,1
2.24649019,4.392772433,1
2.988761825,4.015241561,1
2.785115491,5.400376053,1
5.168375109,3.597621124,1
5.351918361,2.117598081,1
4.510946805,2.576953341,1
4.010101769,4.610373497,1
3.065965723,4.554816392,1
3.436571612,5.093859425,1
2.976034061,3.510907984,1
4.037583471,4.263072499,1
2.484460841,5.252352111,1
4.158375814,3.91847506,1
3.443285858,4.463707867,1
4.829445817,2.497715422,1
2.866536722,3.532848497,1
3.606439438,5.166175722,1
3.786198873,5.330443131,1
3.242970748,4.163711648,1
4.511183633,3.85441865,1
4.270766773,2.62038211,1
5.549834522,4.95119789,1
5.292695156,3.251399953,1
3.859902345,3.676919938,1
3.098231083,3.199271344,1
4.914093223,3.714981811,1
5.237887884,3.952838494,1
1.819238653,4.549673282,1
4.159923848,3.629512688,1
6.276233825,3.879588146,1
5.204479823,4.024702306,1
6.417061229,4.955790516,1
4.476911523,4.971833128,1
4.051493823,2.955619491,1
2.480523298,3.603731453,1
3.146491793,5.429594655,1
4.203315309,2.357226968,1
2.334477825,3.487702158,1
4.376455608,5.26408003,1
3.695252643,4.833395094,1
3.869997921,3.398421621,1
5.769747767,5.239721552,1
5.034165523,3.786712624,1
3.358698009,4.616871799,1
4.583421743,4.235709936,1
3.857956519,3.433659662,1
3.034638151,6.223390764,1
4.394975578,4.457934879,1
4.572643677,4.232666014,1
2.931686018,4.056995268,1
3.409752325,4.036843452,1
4.456826614,2.810263579,1
5.316941242,4.422964487,1
3.367077203,3.770411025,1
5.207565731,4.213665766,1
2.254820821,5.128242871,1
2.169758358,3.664160904,1
3.750522938,5.002488179,1
3.026243058,3.903566822,1
4.342605244,4.424521323,1
3.757127159,3.931379406,1
4.700802904,4.880849786,1
4.802028369,3.083365393,1
5.104241502,4.875978923,1
3.118256916,4.32252191,1
3.93347763,3.298546299,1
4.949128065,4.824251231,1
3.217858334,4.737512915,1
4.270335421,3.563292231,1
5.266844313,3.998981229,1
4.113855738,4.075499558,1
3.791420928,2.22415236,1
2.413888161,2.978260851,1
6.396362084,4.404320232,1
2.792485183,5.394623465,1
2.826539365,4.04336494,1
3.72600404,5.497258747,1
5.119623357,3.19577615,1
3.231206619,3.998618105,1
3.043399402,4.350314115,1
4.649277201,5.076636772,1
3.103338148,4.409972234,1
1.516046444,4.541966547,1
4.008883653,4.793852902,1
3.865674875,3.841677675,1
4.060977638,3.277406669,1
1.742729967,5.307573551,1
3.86260902,4.939062047,1
3.474201903,3.189361814,1
3.01205528,2.920247542,1
4.894949621,2.408960394,1
4.415910716,4.727000043,1
5.343762176,4.688758384,1
4.530562431,2.226507987,1
3.701690121,2.725638981,1
2.119366915,1.785586163,1
4.893645427,4.932654352,1
5.326377455,2.283992401,1
4.26321869,2.619250704,1
4.538748122,4.738223984,1
2.203412104,4.96364532,1
4.407775673,4.064270006,1
3.707065255,4.838299118,1
5.266218067,4.202171244,1
4.513455472,3.494538081,1
2.89341446,3.511965873,1
5.469346961,5.225144052,1
3.749571753,3.947266652,1
6.076214231,4.24268528,1
4.83268097,3.799957595,1
3.540185159,4.00738226,1
1.753731593,2.94336439,1
6.472952053,3.183716679,1
4.303929755,4.316366491,1
3.559923273,3.065765202,1
3.738628572,6.014100166,1
5.320834882,3.490844735,1
3.398779578,4.952900526,1
2.656644735,3.280125705,1
5.426558011,3.614386831,1
4.022700746,4.394334127,1
3.735235896,5.628320047,1
5.18604327,3.091311215,1
2.455014452,4.793192989,1
1.76299946,2.208635776,1
5.478081015,3.017242281,1
4.182354748,3.603519058,1
3.005966109,3.18432925,1
2.812063224,2.677507036,1
6.070309203,3.961808096,1
5.410997085,2.684954158,1
3.167429027,1.650600112,1
1.152266851,3.681016103,1
5.646583681,3.922169086,1
4.300517994,3.694627891,1
3.686425562,1.950703853,1
3.883740309,2.887001243,1
4.304153373,3.63073246,1
2.631392016,4.16339288,1
4.861974996,3.818192962,1
5.551568972,4.260499319,1
4.851825456,3.860343847,1
2.791972804,3.527703998,1
2.658023116,2.084209505,1
2.65650809,5.749331762,1
2.725629023,2.821746653,1
4.301842519,3.171746263,1
6.548418113,5.501258987,1
4.32766587,2.550094716,1
2.96114224,4.310207576,1
5.451900473,4.158407384,1
3.252146986,3.715795709,1
2.236570682,3.920412621,1
5.600501673,4.220721901,1
4.124959004,5.063021489,1
5.321159183,5.115691823,1
3.668761139,2.619200571,1
4.807903569,6.364622151,1
4.297034827,4.386961138,1
3.685195027,5.134090757,1
3.441693845,5.900821276,1
4.112805863,3.789629545,1
5.134752327,4.633999516,1
3.861776764,4.067905466,1
4.086340448,6.150983787,1
4.952535832,3.489367454,1
4.618307051,3.727206249,1
3.368949499,3.910943409,1
4.118226864,4.433815656,1
5.366130671,3.51852215,1
4.227005578,4.992281783,1
5.321290745,4.465151957,1
3.863459576,3.048494415,1
4.350266076,3.921130454,1
4.966916288,3.837725615,1
4.706124855,2.646453367,1
3.420800354,4.59464069,1
2.500709568,5.286544925,1
4.548137251,3.949848444,1
3.068453836,4.89717413,1
2.699026886,4.271777337,1
3.929650255,3.488629912,1
5.110629329,4.839239979,1
3.366287239,4.368520399,1
2.416332584,3.636438163,1
4.08039482,3.811738602,1
5.058951963,4.324910508,1
4.478181651,4.333506333,1
2.737412442,4.41654576,1
4.66605355,3.527062513,1
3.17769833,5.710734622,1
3.569925226,4.324388611,1
3.702805516,4.469824164,1
1.356314343,2.611987228,1
5.017968745,3.510028093,1
2.764865173,2.967120677,1
3.898674975,3.199120158,1
4.565273545,3.323364762,1
3.573513196,2.170420514,1
3.557148903,1.942640669,1
5.617354901,4.904483557,1
3.703986548,3.789402669,1
3.673142121,7.055974492,1
3.235275552,5.037881313,1
3.064979727,3.922334637,1
4.98988569,4.747383985,1
4.361244757,4.776813635,1
5.115359725,4.537296493,1
2.042510831,4.570390188,1
5.528742099,3.675720725,1
3.808473807,4.389816172,1
2.78325333,3.876300056,1
5.790847395,4.072061993,1
3.812782265,3.330429855,1
4.050394426,3.837550956,1
2.898505315,2.935598481,1
2.816342185,4.095027833,1
2.152753607,4.809423978,1
4.701930721,3.212973145,1
3.347011204,5.293846093,1
4.014101664,3.164873159,1
3.971442591,4.936276372,1
5.216577382,3.163090709,1
4.937599746,4.648117806,1
1.862281798,3.715579328,1
5.740762562,3.483257308,1
3.11372711,3.666775339,1
3.209213632,4.54426751,1
3.52919209,5.106511036,1
2.660325155,4.560684037,1
2.332680293,4.147235892,1
4.822127814,5.707092004,1
4.257892775,4.248971104,1
4.239051185,4.935812336,1
3.975440469,4.903442984,1
4.666316812,3.4108224,1
5.81276757,5.55494038,1
6.310137916,4.81472852,1
2.874943612,3.951664328,1
5.275254477,5.354197315,1
4.858225303,4.407860257,1
3.225185227,3.020811281,1
6.315431033,5.434307344,1
1.952029988,2.672985303,1
5.235973432,4.80664581,1
4.744456193,4.103798314,1
2.083733186,5.69071329,1
3.495638568,3.677046229,1
2.018296352,4.359275874,1
3.731331322,3.851737876,1
6.928160643,4.247009803,1
3.104371808,5.359921902,1
3.702775122,2.818755135,1
4.166271993,3.0717082,1
4.120558572,4.225701306,1
3.920804983,5.278170321,1
5.058360589,3.25878919,1
4.5675335,4.158941035,1
1.657345596,4.703129434,1
4.688898713,3.201747314,1
5.641614754,2.963083143,1
3.344172307,3.545775846,1
4.948515275,2.326870828,1
3.04613054,3.534366248,1
3.198915437,4.744609198,1
4.16527085,4.295699385,1
4.333458039,6.038066538,1
2.496255461,4.721684468,1
3.024185169,3.209497471,1
2.659015352,2.835303416,1
3.972609515,5.39362972,1
4.214431436,2.630935232,1
3.861114486,5.360629944,1
4.95628089,1.926280257,1
4.022617497,4.564694681,1
5.322589519,3.282754599,1
2.210469813,6.460783792,1
3.429252217,3.854233404,1
3.089278389,4.541712289,1
3.918802843,5.229056697,1
4.162395348,5.851639786,1
3.186312172,3.441416068,1
1.96260454,3.94981429,1
2.940535576,4.80104676,1
1.924783841,4.41574076,1
3.818143603,5.23331672,1
3.043673178,2.647499908,1
3.287580159,4.537023905,1
3.38608638,4.458748546,1
4.464931064,3.998323169,1
3.284028289,2.657681599,1
3.042785894,4.857778765,1
4.720503244,3.264915044,1
4.064243207,3.750653673,1
4.039224189,2.24587509,1
4.429541733,2.816412638,1
4.700314768,3.316602919,1
3.36558298,3.491438655,1
4.934977168,5.664517205,1
5.39875778,4.360092802,1
2.449208259,5.962387447,1
4.478857268,5.713307632,1
3.34782196,5.809150301,1
3.112139088,5.543995373,1
4.10275459,4.013451591,1
5.925592919,3.98193324,1
4.449753567,3.965351706,1
3.616670008,4.174603565,1
2.543354997,4.666435151,1
3.654557787,2.430033818,1
3.952845067,3.30124726,1
4.193476663,4.890814665,1
4.319252014,3.299976842,1
5.015928616,3.922551456,1
3.933289629,6.332446872,1
