x,y,label
3.073862811,-1.099643444,0
1.463067697,0.285158341,0
3.769053065,-1.645936851,0
0.296452007,1.818568129,0
1.718431338,0.279286451,0
-0.276222397,2.445682012,0
-0.392900146,2.355895049,0
1.053077546,0.760145961,0
3.935499464,-1.854418541,0
1.898831139,0.125986114,0
1.133608251,1.193203825,0
1.844209817,0.072844747,0
1.015006242,1.150992073,0
-0.632534015,2.831592672,0
1.314831375,0.392285777,0
-0.646749214,2.362362467,0
1.106224664,0.920222867,0
0.778384806,1.151514735,0
2.842749258,-0.799443519,0
0.341251173,1.520172266,0
-0.138215526,2.337323041,0
1.53579749,0.444243737,0
1.199294307,0.839677018,0
1.654290613,0.542000436,0
-1.02309445,3.098989617,0
0.486038457,1.404203542,0
0.195215066,1.838835614,0
-0.40362758,2.463524296,0
-0.168079483,1.995021259,0
0.138510985,1.970276856,0
1.811933836,0.04415832,0
0.912200654,1.09862949,0
-0.891384377,2.893124862,0
0.528319287,1.60897979,0
1.327174535,0.754440961,0
1.02078879,1.102210829,0
0.111248261,1.752298296,0
0.161641643,1.955336762,0
1.277327561,0.870376387,0
-0.394243976,2.345892629,0
0.140255727,1.883240598,0
1.750188971,0.274343553,0
2.051099969,0.087154644,0
1.100270817,1.063052809,0
1.57275071,0.461673048,0
0.55548825,1.44532965,0
1.790278118,0.325337349,0
-0.893191411,2.869290776,0
1.198624663,0.560506654,0
0.262402193,1.846591548,0
0.282019448,2.049458985,0
0.964879625,1.141439033,0
2.138373814,0.120825512,0
1.051688406,1.150013251,0
0.707121136,1.200682957,0
0.457525378,1.763451634,0
1.572190868,0.567507218,0
0.895815085,1.070796144,0
1.943095881,0.181998841,0
1.827737839,0.264249174,0
0.73047335,1.234962616,0
2.215285444,-0.133672492,0
0.409397264,1.479116923,0
0.350786969,1.81890052,0
1.764993511,0.201645667,0
-0.27189258,2.315567051,0
1.360792643,0.58295687,0
0.704596118,1.316389257,0
2.908448721,-0.890185582,0
2.794226475,-0.799686878,0
1.016541189,0.914209855,0
2.803581562,-0.882127114,0
1.050764498,0.994298174,0
-0.403486801,2.103181473,0
0.594308439,1.528604336,0
0.210111898,1.842230754,0
-0.549476648,2.454150765,0
0.906338481,1.051645515,0
0.267406159,1.679899429,0
0.91262972,1.049290607,0
0.540473342,1.246475239,0
0.6689727,1.252437543,0
1.648556888,0.392162137,0
1.485099462,0.411843967,0
-1.417600824,3.476825108,0
1.966272137,-0.088973491,0
0.771169629,1.338021118,0
1.063310256,0.873495567,0
0.502728191,1.489769557,0
-0.376042904,2.453326351,0
0.281155798,1.650204724,0
0.441781731,1.56597667,0
0.010493626,2.072356395,0
2.033444729,0.051419215,0
1.440296133,0.522021621,0
1.089883989,1.21175513,0
0.689978114,1.179224141,0
1.386291375,0.625222468,0
-0.651059682,2.693587989,0
2.357018445,-0.556812222,0
-1.199310494,3.002149579,0
0.529345302,1.370145746,0
0.957942237,1.01763132,0
1.278802736,1.010017939,0
2.00671076,0.077613436,0
1.877479106,-0.040878227,0
1.519060639,0.307376212,0
0.669420469,1.310353209,0
1.724574821,0.049722597,0
-0.485074078,2.206690486,0
1.738634104,0.344490405,0
0.68224716,1.443815503,0
0.491881463,1.499870366,0
0.397009506,1.831263125,0
3.269311018,-1.489392042,0
2.974546212,-0.733130774,0
0.762040906,0.912773662,0
1.426500493,0.843709224,0
0.841244135,1.310399392,0
0.422001188,1.68067539,0
0.240889289,1.672545208,0
0.559635269,1.548189485,0
1.947577556,0.217698344,0
1.246927551,0.812678427,0
0.824755152,1.106991608,0
1.698629289,0.26441732,0
0.914497028,0.849126611,0
1.917918824,0.067097512,0
1.710035789,-0.044283438,0
2.847825796,-0.566705259,0
3.85844995,-1.961219624,0
1.872682151,-0.199950083,0
2.43565302,-0.42329687,0
-0.756696743,2.97451711,0
2.024126292,0.109016137,0
1.230175897,0.729652065,0
-1.161478672,2.970959512,0
0.054162319,1.889890395,0
0.540759596,1.541381845,0
-0.402922741,2.499044877,0
-1.089837021,3.162336254,0
1.09515388,0.702625389,0
1.769303214,0.383506053,0
-0.559835292,2.488939602,0
1.407260496,0.744288686,0
-0.201839183,2.002688701,0
1.424939443,0.622600364,0
2.033161837,0.029347892,0
0.113930271,1.9277934,0
0.798337887,1.065134912,0
0.249820276,1.43065685,0
1.2526238,0.791903869,0
-2.07525687,4.150954494,0
0.210033123,1.756554917,0
-0.295949292,2.350007137,0
0.871163846,0.880975015,0
2.21564273,0.083238561,0
1.136538914,0.605416661,0
2.617363336,-0.483078226,0
0.4961618,1.47972915,0
0.538859324,1.407171364,0
1.739107518,0.405663671,0
3.197720286,-1.17833482,0
0.03835126,2.079106879,0
1.703599424,0.258115424,0
1.989577695,0.075012558,0
2.655980363,-0.585109851,0
0.396259818,1.502896405,0
0.794399469,1.144687148,0
1.362602894,0.157595895,0
1.964093676,0.074305762,0
2.392765806,-0.349386663,0
1.389531633,0.550826433,0
-1.593922674,3.719830573,0
2.822694888,-0.899127314,0
0.542683679,1.520186946,0
0.508572391,1.577960794,0
0.907811577,1.011570756,0
0.59122504,1.330880349,0
0.599017034,1.214204757,0
0.914971743,1.265841879,0
2.055672835,0.295531729,0
0.827106144,1.229162186,0
1.683747462,0.613675437,0
2.063419448,-0.211807041,0
-0.086582574,2.100451595,0
0.482052267,1.202211227,0
0.954557768,1.070840081,0
0.959849843,1.215397901,0
1.496600759,0.248481651,0
0.842025889,1.158934169,0
0.06244109,1.900835604,0
2.37438577,-0.675858186,0
0.627770027,1.403322338,0
1.340767818,0.796436879,0
0.478646185,1.746632891,0
1.64684569,0.391610739,0
1.190857546,0.927727498,0
1.849414594,0.244834453,0
2.675200316,-0.718624879,0
1.279898484,0.721080016,0
-0.668092306,2.840816377,0
1.620935189,0.272333255,0
1.949836097,0.099584582,0
0.843348561,1.170052925,0
0.308823768,1.591301315,0
0.53826952,1.585711187,0
1.261005542,0.763293432,0
2.228072691,-0.199762514,0
2.27903421,-0.425225892,0
1.234334307,0.711271583,0
2.35771095,-0.552846752,0
-0.172368366,2.133440564,0
1.528526236,0.576869003,0
0.925637967,1.064810607,0
1.917175023,0.148507043,0
-0.799265065,2.979559399,0
-0.305285512,1.941606416,0
2.701685893,-0.889228082,0
2.051539812,-0.052920775,0
2.609781655,-0.554485861,0
1.533946411,0.514764781,0
1.048958712,0.88106227,0
1.538014828,0.548122155,0
1.686771723,0.299540437,0
1.217579475,0.88502405,0
0.241776358,2.004063303,0
-0.438767078,2.566772781,0
0.555908034,1.525187237,0
1.662132888,0.562785245,0
-1.383731699,3.357392045,0
2.116112028,-0.010743024,0
2.539702443,-0.702895814,0
0.933734768,1.178523385,0
1.372462242,0.637919725,0
0.424252402,1.331461464,0
1.211784606,0.699658281,0
0.61126628,1.38694423,0
-1.20228163,2.97365432,0
0.396271384,1.613710549,0
1.816393791,0.209382828,0
-0.869693608,2.787184576,0
2.15187305,-0.220135966,0
1.587805228,0.39967743,0
-0.078203902,2.170759128,0
1.066189149,1.002112825,0
2.183528091,-0.128383006,0
2.224429983,-0.371010817,0
0.625577387,1.157748085,0
3.105999077,-1.048729163,0
0.344216797,1.480209536,0
1.86879309,0.094458573,0
0.271330145,1.502439957,0
0.413697311,1.913011787,0
1.906528387,0.002786179,0
-0.935673629,3.183693021,0
2.862687956,-0.747516408,0
0.752981647,1.081859017,0
2.326634798,-0.047960203,0
1.472265318,0.541210558,0
2.789780168,-1.203336255,0
1.791563165,0.360691834,0
0.111311082,1.829840709,0
1.078902517,1.245644822,0
0.247032836,1.818540548,0
2.978878939,-0.890656673,0
-0.575411627,2.614021212,0
1.729581996,0.431754644,0
1.595623364,0.46157439,0
-0.266343417,2.10950111,0
1.927846281,0.276602861,0
-0.111327334,1.900910101,0
0.898110421,0.911145388,0
1.682174562,0.371012252,0
1.094480128,1.376731452,0
0.177707843,1.884612663,0
-0.318119087,2.370841566,0
1.562905189,0.299946747,0
2.355880896,-0.39488771,0
0.355277279,1.620611351,0
-1.344358653,3.615361167,0
-0.619106326,2.824096217,0
1.765007899,0.210557253,0
0.014091682,1.862915571,0
1.808844112,0.139679589,0
2.457884887,-0.321974462,0
3.420746594,-1.469907225,0
1.801939431,0.194180884,0
2.844240786,-0.595938428,0
0.565266206,1.61949391,0
3.049470285,-0.896110629,0
0.558880816,1.246519608,0
2.112978862,-0.041418957,0
0.200214403,1.819712158,0
-0.198425974,2.186097265,0
0.836294615,1.286124758,0
1.489816314,0.576517055,0
0.236312458,1.876572851,0
0.433148545,1.68197222,0
2.372366691,-0.355140149,0
1.112427548,0.862315626,0
-0.650126807,2.426564902,0
0.857693378,1.07358384,0
2.440246219,-0.073734753,0
2.310816803,-0.297470216,0
1.328795283,0.567031409,0
2.245694873,-0.165360805,0
-1.875945512,3.943497119,0
-0.498499966,2.378076782,0
0.904590815,1.248620232,0
-2.763030509,4.784178009,0
1.529584886,0.443543214,0
2.19989661,-0.240825511,0
0.560628031,1.448539841,0
1.267484203,0.838577202,0
0.991354693,1.042245062,0
3.220782827,-0.977960497,0
1.231223482,0.71054183,0
0.003748876,2.017804197,0
0.582713498,1.459042188,0
1.862007719,0.094487288,0
0.828169624,1.263625068,0
1.053917803,0.808455526,0
2.237103403,-0.16843984,0
0.463996325,1.460213083,0
-1.149179012,3.249456063,0
1.422675251,0.37553165,0
0.503975057,1.325018329,0
1.586665883,0.408168125,0
1.153608638,0.673374918,0
0.953091652,1.085076295,0
0.550489503,1.470276654,0
1.067703793,0.886512509,0
1.124155357,0.80325632,0
-0.970745532,3.224881489,0
0.53850298,1.611429772,0
1.443288924,0.592185813,0
0.896248919,1.131201743,0
1.318056008,0.677809788,0
0.057716733,2.207201058,0
0.728376247,1.530103608,0
1.435163522,0.538369713,0
2.095593497,-0.154233451,0
-2.253507251,4.098000788,0
-0.214016474,2.180849593,0
1.470062143,0.585836391,0
2.000538217,-0.07967215,0
1.445237881,0.417311806,0
1.649260441,0.365732417,0
1.673307745,0.376623564,0
1.904768477,0.169727471,0
0.882783897,1.378140925,0
0.049509561,1.580521516,0
0.840264491,1.266254537,0
-0.74002422,2.868949197,0
1.649811091,0.837061569,0
0.893620126,1.276683004,0
0.807297897,1.156595119,0
0.610571546,1.656080226,0
0.227502507,1.882812485,0
2.439487085,-0.367110442,0
1.003229378,1.104077794,0
-0.190524594,2.165081973,0
1.984603473,0.072510571,0
1.323706083,0.960722217,0
-0.103739249,2.189132192,0
0.731733073,1.262164179,0
2.888383714,-0.816768935,0
-0.134245125,2.20959787,0
1.002181569,1.059082174,0
-0.382504487,2.413233595,0
0.541130803,1.477326284,0
1.036016382,0.866392643,0
1.822489293,0.152657245,0
1.51212543,0.429810121,0
2.230351261,-0.03587714,0
2.072865453,-0.31380786,0
1.679842712,0.208649564,0
1.649777313,0.301872433,0
0.252202679,1.546045687,0
1.017282158,0.965444141,0
1.333317105,0.453248798,0
1.015021681,1.055712059,0
1.2447876,0.876631876,0
1.371970017,0.708811317,0
0.591397559,1.288663627,0
0.890683378,0.637276158,0
0.980235457,0.944157403,0
0.976280064,1.244247599,0
0.855956824,1.01907197,0
1.520684745,0.332529565,0
1.339448326,0.761491575,0
2.110752588,0.102824304,0
-0.940358246,2.929934054,0
1.39021603,0.807600192,0
0.672930848,1.388774396,0
0.557141032,1.593893848,0
1.572869776,0.476229518,0
0.549246197,1.449760151,0
2.050149884,-0.149530097,0
2.590045063,-0.569461812,0
1.266664588,0.699815531,0
0.15520221,1.993808414,0
0.861930165,1.284775185,0
-1.909276374,4.063975659,0
-0.816279423,2.50231746,0
0.984765163,1.101616343,0
0.448338283,1.458935304,0
2.008382318,-0.138388706,0
2.246225505,-0.352756942,0
0.452598262,1.55939792,0
0.948950686,1.058671944,0
1.726421036,0.215278988,0
1.172770211,0.967348557,0
1.100093948,1.006850371,0
1.468794652,0.579884367,0
1.168101074,0.927552578,0
2.247533777,-0.38669561,0
0.762437981,1.392574986,0
0.197649677,1.966365094,0
0.362735471,1.639754562,0
1.240930332,0.716244207,0
-0.113644442,1.975963788,0
1.48372575,0.40290462,0
2.260949234,-0.002641424,0
1.423045903,0.59152084,0
-0.126616374,2.190443085,0
1.586754119,0.468013045,0
-0.261514592,2.381444387,0
0.342476199,1.699129661,0
2.155751821,-0.126079222,0
0.885314976,0.974188726,0
1.73484138,0.284095823,0
1.708869442,0.490164193,0
-0.950372342,3.053899989,0
2.415875102,-0.243041879,0
-1.083639995,3.139529092,0
1.118761941,0.733887938,0
0.153554052,1.76317527,0
1.164117577,1.13067144,0
1.278035076,0.694897707,0
2.018682636,0.081413252,0
-0.014992558,2.015996271,0
-0.751868306,2.667070877,0
2.457755469,-0.347693595,0
0.470700798,1.478836235,0
1.557993241,0.646224463,0
1.827385941,0.00318732,0
3.001357374,-0.857927199,0
1.85206554,0.174402585,0
2.671133033,-0.555806719,0
0.127841862,2.09564294,0
1.901500913,0.127408999,0
1.454617216,0.76564794,0
-1.108419854,2.847548718,0
1.2862113,0.845755663,0
2.162122059,-0.246746636,0
1.265247992,0.380720407,0
1.998768873,-0.08595266,0
0.808598598,1.173279294,0
0.364228399,1.624724676,0
0.462183435,1.609850561,0
1.448509316,0.49328638,0
0.196996585,1.711678596,0
0.718148091,1.172693396,0
0.024511819,1.91733761,0
1.098501829,0.896817702,0
1.530749314,0.350551397,0
0.778282653,1.052509515,0
2.049322033,-0.131914429,0
-0.491492207,2.571925395,0
1.008141153,0.852108707,0
-0.33038454,2.632642043,0
0.679020772,1.280903013,0
0.604898421,1.478797904,0
0.444208635,1.632812112,0
0.488107013,1.456428089,0
1.25240854,0.78281668,0
0.871403374,1.140784867,0
0.660402216,1.135248135,0
0.369196804,1.530263566,0
-0.433816368,2.257665288,0
-0.988086052,2.874069013,0
-0.661846258,2.737448645,0
1.638724827,0.099590217,0
1.252757474,0.713359625,0
1.844512212,-0.06814876,0
0.535995439,1.533900346,0
0.19716169,2.09019308,0
0.838150153,1.392993674,0
0.429907531,1.637542281,0
2.494168874,-0.577474189,0
-1.007941518,2.988131723,0
1.490290745,0.480879578,0
0.680006706,1.257444666,0
1.387579118,0.579895112,0
1.503514789,0.806235268,0
1.138634923,0.863227938,0
2.420192768,-0.510032309,0
1.130350596,0.881013501,0
-0.351826713,2.312166783,0
0.016922997,1.874162252,0
-0.263428585,1.942737146,0
0.226367737,1.606974904,0
1.031901087,1.182292651,0
0.992835064,0.987217109,0
0.854769992,1.466774443,0
2.100771057,-0.196001973,0
0.974870164,0.806078979,0
1.940424662,0.091004971,0
2.456568454,-0.288337903,0
1.655878074,0.423036106,0
0.554222268,1.361109454,0
2.587430616,-0.643357039,0
1.909546976,-0.243438784,0
2.732353063,-0.985955352,0
1.640372184,0.384199064,0
0.98040479,0.809880472,0
0.857496971,1.251734402,0
1.447527256,0.461991793,0
0.425310725,1.52003694,0
3.004455415,-1.002346999,0
1.526726351,0.477373385,0
0.049466712,2.243106938,0
0.888333833,1.215173586,0
0.117628703,2.051700168,0
1.545748319,0.628435972,0
1.392432305,0.690528727,0
0.995701935,0.818555971,0
1.023841964,0.985380476,0
1.482750425,0.63696004,0
0.934641382,0.944868318,0
0.241612775,1.552682726,0
1.894573065,0.386486374,0
1.163368547,0.777317442,0
1.496697109,0.656695848,0
-0.074907098,2.124061183,0
1.078076375,0.657949594,0
1.753611471,0.499063321,0
0.828991798,1.09434077,0
0.342928383,1.611396736,0
-0.022223734,2.049383465,0
0.440426992,1.713002372,0
-0.202050439,1.81154035,0
1.451352919,0.524773462,0
1.445077658,0.629468803,0
1.86227828,0.153317201,0
1.193175629,0.872295868,0
3.214259392,-1.383589661,0
0.822033157,1.178301912,0
0.861807883,1.181936345,0
2.362505259,-0.365448303,0
1.55257901,0.468949046,0
2.430858449,-0.446724803,0
1.225428302,0.731797389,0
2.626554286,-0.287538218,0
0.157727069,1.93341856,0
-0.33753037,2.317198559,0
1.753569395,0.438635172,0
2.140133095,-0.121722325,0
1.521347943,0.44237307,0
0.45069146,1.351268607,0
1.157157412,0.99038829,0
-0.554615757,2.662293978,0
3.627940792,-1.575003787,0
1.287222417,0.728569275,0
-0.589855701,2.691611329,0
2.273970248,-0.216855346,0
1.580657549,0.451452316,0
-0.473248445,2.673666921,0
0.678441859,1.311755603,0
0.612407735,1.539670721,0
0.986236917,0.857060967,0
1.40622145,1.003137561,0
0.044058922,2.056409153,0
0.434735148,1.695317271,0
1.592612962,0.531032383,0
-0.523101656,2.437234753,0
1.0044462,1.087104698,0
0.744113291,1.378442027,0
-1.968788673,4.081218169,0
2.049064561,-0.02386633,0
1.105623809,0.804082833,0
0.986713949,0.822908209,0
1.590927029,0.386547147,0
0.146861966,1.937652676,0
1.268107542,0.783559326,0
2.087592146,-0.271829947,0
0.854073257,1.321065419,0
2.322714779,-0.336755179,0
0.779202685,1.355515251,0
0.67834569,1.512139304,0
0.833799555,1.025683571,0
-1.273290382,3.144656394,0
1.626542634,0.215717924,0
0.173168547,1.960022136,0
1.592286909,0.39204171,0
0.491723827,1.452994449,0
-0.026210678,2.306329949,0
0.682784951,1.322883022,0
2.261774998,-0.248446345,0
0.252385007,1.564811645,0
0.227774188,1.861705304,0
-0.525393238,2.435531247,0
-0.434289541,2.260265418,0
0.391093974,1.785439371,0
0.605202536,1.569999567,0
0.770558319,1.412279695,0
0.337534288,1.639047294,0
2.025766492,-0.16190639,0
1.475883945,0.225259524,0
-0.12933644,2.409774759,0
2.502490534,-0.429710555,0
0.801910711,1.090076384,0
0.267648976,1.808439391,0
0.198424152,1.842256672,0
0.395791588,1.610990883,0
0.699968231,1.29118501,0
1.985451271,-0.191133783,0
0.020312702,1.862376264,0
1.241255602,0.760268236,0
-1.490627312,3.488209279,0
0.366386288,1.501038934,0
1.54005398,0.521890526,0
0.717345055,1.25423139,0
-0.086307769,2.249961572,0
1.077488907,0.714453797,0
0.266600979,1.467684323,0
1.060911289,1.007193428,0
-0.557742982,2.256144103,0
1.290065287,0.609635063,0
3.015827609,-1.102897079,0
1.472507319,0.487815666,0
3.395205316,-1.194414364,0
1.946679974,0.079005279,0
-0.354200951,2.33221813,0
0.548371206,1.657818639,0
1.730095817,0.618404668,0
2.221176431,-0.499083866,0
-0.220634305,1.94063323,0
0.431153582,1.512847994,0
0.975965624,0.981075519,0
0.445117829,1.371531139,0
2.200342078,-0.285018625,0
1.839687059,0.185202095,0
1.265808287,0.850637197,0
-0.258181326,2.061915111,0
1.664693912,0.498475475,0
2.412805961,-0.188378832,0
1.167761247,1.118132574,0
2.081709428,-0.357662213,0
1.961089804,-0.19437173,0
-0.462855732,2.608141777,0
2.934326465,-1.118013789,0
0.701539297,1.32789513,0
-0.023264481,1.902556581,0
2.278036231,-0.023213478,0
0.591269049,1.161169833,0
0.00352936,2.041748012,0
0.48141422,1.579158558,0
1.458383435,0.381660651,0
-1.24632372,3.240806261,0
-0.066153438,1.858995327,0
0.909973078,1.00521634,0
-0.348838615,2.444626719,0
1.573788311,0.382235829,0
-2.90E-05,2.31621833,0
1.216233752,0.495838813,0
-0.455564236,2.429198645,0
0.177588065,1.760398368,0
0.269781266,1.692154304,0
0.79723817,1.428171449,0
0.120693011,1.930180482,0
1.43115798,0.655455638,0
0.918550424,1.127847922,0
2.127196996,-0.142167268,0
0.909129599,0.993361465,0
-0.445808128,2.613613265,0
1.575525222,0.243402114,0
1.379470107,0.42146481,0
0.496317208,1.304901988,0
1.772797661,0.411146758,0
1.567257968,0.546426116,0
0.997581354,1.031295634,0
0.889794164,1.211059116,0
1.108422795,1.001334308,0
0.671328163,1.449030487,0
2.707783262,-0.73387273,0
2.529369304,-0.456121234,0
-1.296692693,3.078003649,0
0.764111816,1.259700493,0
1.555062964,0.129319865,0
-0.421962997,2.210541833,0
0.55825928,1.454810092,0
2.333093981,-0.21426733,0
1.529825888,0.636587819,0
-0.756600636,2.635604885,0
1.622008751,0.374049732,0
1.364095505,0.759374839,0
1.178957342,0.775365335,0
1.086691823,0.989627146,0
-0.253179918,2.120056452,0
-0.059395841,1.923900275,0
0.034059834,1.852614438,0
0.379379631,1.499265291,0
0.88138765,0.998363905,0
1.448300167,0.792184395,0
2.074806239,-0.038252652,0
-0.734896247,2.641623644,0
-0.403204179,2.419929951,0
1.063717192,1.059472944,0
1.900731978,-0.068229156,0
1.730186658,0.145077634,0
2.955903367,-1.043974683,0
0.292263642,1.956082101,0
-0.155653997,1.901364827,0
-0.500602124,2.646879208,0
1.897299826,0.131449091,0
2.206763385,-0.225939778,0
0.873075666,1.003722943,0
2.491788286,-0.398964519,0
-0.942301301,2.866366913,0
1.189060307,0.80060912,0
1.63336094,0.353497439,0
1.384826989,0.745967992,0
1.116676185,0.883865837,0
1.787495073,0.163806456,0
2.915488001,-0.809048979,0
-0.719789059,2.706002285,0
1.546479731,0.573811843,0
1.061601,0.724131528,0
1.192530941,0.861743824,0
0.000297746,2.057174898,0
0.704686355,1.306076161,0
1.414453441,0.69828481,0
-0.677872586,2.560823385,0
1.461847508,0.541221228,0
0.246237818,1.636857019,0
-1.665013641,3.306685887,0
0.88070203,0.975621928,0
-0.04583855,2.000128167,0
3.335836193,-1.451598942,0
1.45421314,0.525763067,0
0.553126407,1.380510628,0
0.060164356,2.080820438,0
-0.857954902,3.096634714,0
1.497019474,0.293586411,0
0.515111323,1.50855982,0
2.266379982,-0.023015743,0
1.670871214,0.386173375,0
0.179677398,2.053544159,0
3.479073537,-1.565543577,0
1.382274891,0.814886518,0
0.920992628,1.045419469,0
2.940995243,-0.98541157,0
1.98925702,-0.140216278,0
1.658991948,0.061762523,0
1.575761192,0.226983737,0
1.267090741,0.568614825,0
1.925555858,0.172153282,0
-0.346938132,2.277735354,0
1.570162259,0.378823554,0
2.23326097,0.075825691,0
0.635376974,1.415535499,0
0.213300102,2.114801135,0
0.535437565,1.438716406,0
1.624087299,0.396638853,0
2.047778589,-0.303219468,0
1.244363383,0.807790621,0
0.045427544,1.932677698,0
0.690663975,1.337938135,0
0.074855654,1.834380698,0
1.933360451,0.426847554,0
1.303377324,0.544664738,0
1.039927723,0.784364118,0
0.884476617,1.079280654,0
0.867783242,1.172443625,0
2.26988196,-0.26218578,0
0.945490318,1.263771425,0
2.235430382,-0.238563668,0
2.999379868,-1.183916324,0
2.606277582,-0.468301642,0
-0.764406949,2.803277744,0
1.39764016,0.297673404,0
1.497920255,0.567032972,0
0.767514841,1.050664829,0
2.296771839,-0.266092766,0
0.741991675,1.159517643,0
2.207285789,-0.242993279,0
1.460021896,0.761682905,0
0.504386364,1.645146196,0
0.236384831,1.928481602,0
-0.942982101,3.03524633,0
-0.079677517,2.170958171,0
1.30465101,0.789969783,0
2.384304248,-0.114032915,0
2.912415687,-0.907136252,0
1.931906737,0.08557299,0
1.448342315,0.63212315,0
0.771917639,1.444330276,0
1.612040084,0.425282898,0
0.259673135,1.5472832,0
-0.251773551,2.021933848,0
0.881285741,1.006554733,0
2.492152256,-0.423444905,0
0.794429344,1.23686442,0
-1.591153712,3.846621256,0
1.51955886,0.573561887,0
3.642387589,-1.844850009,0
0.491047534,1.378387323,0
1.603466496,0.107521681,0
2.14208832,-0.14835812,0
0.17991723,1.959448392,0
1.662402384,0.210650412,0
1.884508512,0.11636684,0
0.558738444,1.48903523,0
0.447110449,1.643885026,0
0.315939026,1.581329005,0
-0.445345862,2.468626411,0
0.822050626,1.097485497,0
1.351121554,0.810915456,0
1.911787517,0.168203796,0
-0.712231944,2.669018264,0
1.90720598,0.114729761,0
0.150262191,1.72437549,0
4.089444212,-1.960208649,0
0.367001792,1.784154291,0
2.535706751,-0.704338485,0
0.527192154,1.377163965,0
0.892415952,1.048859512,0
1.516176195,0.309215619,0
0.292894329,1.389476884,0
0.645258716,1.386146446,0
0.887988544,1.410967176,0
0.726006822,1.309349233,0
1.500001291,0.737323599,0
2.076855302,-0.145184323,0
0.486408742,1.608434738,0
1.366731365,0.781527858,0
0.905444928,1.076645756,0
2.570056939,-0.451950526,0
2.006787747,-0.032965768,0
1.542270429,0.515116689,0
2.321541388,-0.250184271,0
0.931956628,1.211008974,0
2.590845795,-0.251953923,0
1.277691166,0.446172693,0
0.891150816,1.289269243,0
-1.539159513,3.467295145,0
-0.655892545,2.952519678,0
0.451127134,1.553732377,0
2.288301397,-0.329782419,0
1.206025518,0.93487172,0
0.495887345,1.482488797,0
0.966713329,1.076866602,0
1.06351541,0.885628891,0
1.634236941,0.376766871,0
3.757059373,-1.539761021,0
0.275202454,1.946769877,0
1.16980436,0.693999462,0
2.37361729,-0.227578744,0
2.999217279,-0.897112418,0
0.152037047,1.939475396,0
1.946476866,-0.008002556,0
-1.97546926,4.036852495,0
1.68744315,0.146483359,0
1.649334583,0.283539778,0
0.497950399,1.427371245,0
2.231322833,-0.268120073,0
1.639544579,0.374294778,0
2.393670886,-0.230948939,0
0.354304983,1.590500231,0
1.508893791,0.575374181,0
-0.090855286,2.390422427,0
-0.208315445,2.203840788,0
1.129781116,0.717195344,0
0.621690434,1.394265387,0
2.159345024,-0.074340665,0
1.326732697,0.55656507,0
-0.257543685,2.504955675,0
-0.709297303,2.658965148,0
2.217254111,-0.01669432,0
-0.023563817,1.743420258,0
-1.135727717,3.10573433,0
0.942453649,1.14455064,0
0.250912506,1.618432817,0
0.994500224,0.916145373,0
0.646461136,1.403618037,0
-0.345108106,2.157923582,0
1.095336381,0.835038022,0
0.638197213,1.525417836,0
1.542254622,0.375998996,0
1.203658843,1.118117435,0
2.501777966,-0.525964749,0
1.46322066,0.755427863,0
-0.339498379,2.205528528,0
0.828636192,1.350508591,0
0.77587547,1.000748261,0
-0.51577976,2.447467051,0
0.907290143,1.06240665,0
1.797944652,0.147962259,0
0.334967887,1.944875808,0
1.473164171,0.495337639,0
1.471699592,0.751067866,0
0.762415029,0.968656909,0
1.76327133,0.353343723,0
0.531722784,1.455592585,0
1.69993496,0.248459795,0
0.15433476,1.873913185,0
3.701904519,-1.97932757,0
0.396460895,1.457737073,0
-0.017038241,2.020603705,0
0.805692407,1.333999607,0
2.471181644,-0.42996698,0
1.033213019,0.875718384,0
2.322176756,-0.115616775,0
0.834290581,1.150415006,0
2.172697399,-0.339717687,0
0.971372986,0.873523725,0
1.636286453,0.277018454,0
0.749787866,1.16406746,0
1.542987236,0.416890737,0
0.716527462,1.341119775,0
0.534466012,1.36015241,0
1.408788591,0.670949748,0
1.105293642,0.820218114,0
1.357388603,0.647143072,0
0.596166306,1.208854952,0
2.106769809,-0.080488021,0
0.401341869,1.556201338,0
1.696167391,0.063009642,0
1.143498574,0.846924555,0
0.892729128,1.27475625,0
1.676455059,0.448665474,0
-0.349772039,2.316440389,0
-0.078798343,1.812015196,0
0.108206321,1.853695679,0
-0.234536573,2.230767034,0
0.430007716,1.345222185,0
1.573357606,0.416526894,0
2.218121495,-0.29864113,0
1.456144945,0.564419475,0
0.427442213,1.527330735,0
1.264788591,0.819492913,0
1.642525384,0.784211756,0
1.773218242,0.131764615,0
0.806946598,0.672080783,0
1.928155196,-0.035806382,0
1.028137539,1.189993716,0
-1.209437468,3.290032993,0
0.998363233,0.938442256,0
-0.890223481,2.836541408,0
0.555709131,1.395256606,0
0.222357839,1.651596907,0
1.149067232,1.074730807,0
2.207038303,-0.110778006,0
1.325654727,0.546702425,0
0.816462172,1.260326031,0
-0.114304271,1.938869923,0
0.782157086,1.286204913,0
1.268454853,0.492400535,0
0.673711351,1.286272851,0
0.086015616,1.753079029,0
1.022236354,0.873068502,0
1.522451178,0.487480216,0
0.759622357,1.069093382,0
3.535060889,-1.552592206,0
1.738215976,-0.018081454,0
0.128985275,2.014396198,0
1.050097008,1.015390733,0
2.349208076,-0.172107883,0
-0.823761176,2.664915886,0
2.644365895,-0.906453032,0
0.596809434,1.559956887,0
1.668869228,0.423035692,0
1.995856786,-0.02746771,0
2.890169351,-0.86098806,0
1.144585802,0.918598116,0
1.459622898,0.530951436,0
1.60756681,0.325265373,0
1.05262359,0.908330005,0
0.464695462,1.337293287,0
0.606582858,1.525383787,0
2.471557688,-0.272898634,0
1.812549561,0.117505857,0
0.410775779,1.710614819,0
1.937869717,0.267820858,0
0.973812042,1.234430663,0
-0.667863399,2.59605574,0
1.155654004,1.097366901,0
0.951018987,1.237770958,0
0.412012787,1.637230235,0
2.183722748,-0.227987071,0
1.025059032,1.001771733,0
2.262861973,-0.207985706,0
1.389125248,0.592327959,0
1.725715425,0.340556442,0
1.977196563,0.004242115,0
1.402422514,0.637050621,0
0.725840065,1.179827802,0
5.776766234,5.875364751,1
5.762767148,5.822757024,1
6.972239511,7.098955327,1
4.98347978,5.039004329,1
5.167727421,5.099117228,1
5.943041351,5.724841132,1
4.849689482,4.793293434,1
7.056445212,7.243813446,1
4.959658251,4.910332513,1
5.145630808,5.120317384,1
5.204926269,5.021195281,1
5.213893281,5.125831143,1
5.079615748,5.240099072,1
4.285572097,4.258703587,1
5.998192539,5.741578725,1
6.584370464,6.235872597,1
5.570514548,5.584611746,1
6.284795098,6.305031552,1
4.344282932,4.188209324,1
4.496734599,4.628400127,1
4.332570131,4.398204159,1
4.228006473,4.180945451,1
5.624818464,5.573132972,1
4.585711398,4.522809497,1
5.634430563,5.565229374,1
5.955114443,5.887178699,1
4.755649511,4.940656085,1
6.275679357,6.307130396,1
5.846997283,5.983521812,1
8.072737268,7.90174899,1
6.120511528,6.054381718,1
3.357397452,3.344134749,1
5.080929874,4.881266676,1
4.647983398,4.973018333,1
5.885155963,5.843437934,1
5.088502756,5.123254522,1
5.515687946,5.709218719,1
5.238321417,5.234213766,1
6.932462108,6.880077103,1
6.104992061,6.454654744,1
6.109934191,5.972231518,1
6.166195232,6.371907335,1
5.39777384,5.377628115,1
5.746856063,5.434136763,1
7.673076321,7.642052134,1
4.305624174,4.248916906,1
5.91742339,5.920162125,1
6.379874164,6.419879507,1
5.136048329,5.003266711,1
4.224476924,4.482611088,1
6.60113941,6.487429679,1
5.371004531,5.565518223,1
4.641403037,4.541649927,1
7.08169189,6.924827398,1
3.921508112,3.790357486,1
4.412125296,4.250358821,1
4.047841132,4.038070074,1
5.137907431,5.301283599,1
5.492629074,5.591546137,1
8.496686182,8.694204879,1
6.104050073,6.298984037,1
6.962435369,6.859502755,1
6.24342379,6.32150537,1
6.206089255,6.049252894,1
6.788252045,6.641038128,1
8.608771615,8.497387696,1
5.956400132,5.913108902,1
5.061299404,5.413948956,1
5.262209274,5.375416059,1
4.512662168,4.533134714,1
5.198341788,5.068612884,1
6.822142246,6.874361695,1
4.286234658,4.191412227,1
4.649878571,4.895136661,1
3.312362007,3.388843961,1
6.713860553,6.583001906,1
4.822337532,4.644565467,1
5.38195748,5.362305212,1
7.321135269,7.110673283,1
7.851559971,7.795691776,1
8.410886944,8.309559373,1
6.886506353,6.896969291,1
8.600440521,8.487136918,1
4.232338494,4.1579601,1
5.299727324,5.445197455,1
6.702032719,6.584298059,1
5.822205463,5.739650226,1
4.246411395,4.413402209,1
6.407803426,6.432999565,1
5.68158048,5.430220646,1
4.342937068,4.471947565,1
4.195172209,4.327602693,1
4.313428845,4.46942203,1
6.279012349,6.246572977,1
5.578148929,5.454416095,1
5.171528246,5.275003572,1
6.63353619,6.474809225,1
7.877080169,7.723907015,1
4.520390982,4.422886001,1
4.987067609,4.760223777,1
5.416473371,5.31567874,1
4.586323386,4.530418243,1
4.212825905,4.185872431,1
6.551845894,6.531450447,1
4.507282337,4.516105006,1
7.740651974,7.714422457,1
5.46562036,5.256084069,1
6.423060681,6.402943771,1
7.059947422,6.991258959,1
4.312085822,4.301934506,1
5.747440533,5.465052398,1
5.708841075,5.872891484,1
4.95420972,4.730204498,1
5.429740715,5.401052066,1
4.385751336,4.276452409,1
6.131482029,6.097920884,1
5.512687044,5.272942214,1
5.547663848,5.490912702,1
4.236349398,4.294936916,1
4.399521739,4.404720545,1
5.445836147,5.341724782,1
7.09836113,7.318682454,1
5.807904422,5.966704178,1
5.133790272,5.002975718,1
5.328640372,5.470230611,1
4.249215278,4.345456868,1
4.98432782,4.988299278,1
6.465215772,6.471313574,1
4.996460354,4.812236255,1
5.345510309,5.47034302,1
5.759530822,5.818539034,1
5.157369679,5.421994002,1
5.407007908,5.522600766,1
4.758276616,4.84507913,1
5.040182319,5.033393608,1
4.995959402,4.767968057,1
5.319203387,5.585124729,1
4.394850147,4.293292313,1
6.039692899,6.023188328,1
5.091943182,5.01702913,1
7.091345565,7.072755519,1
6.502190466,6.412533991,1
5.978995433,5.734668512,1
6.005805158,5.978101743,1
6.035152274,6.198712276,1
4.758801415,4.938918799,1
4.674407608,4.447851882,1
5.688808456,5.882151802,1
6.737882655,6.757990271,1
6.086427896,6.105622587,1
5.233350131,5.340435671,1
4.885364905,4.791925729,1
6.241391175,6.294706056,1
5.241652568,5.401613157,1
6.649847504,6.555034248,1
5.508179995,5.415606939,1
6.583297933,6.73055105,1
6.112767307,6.385535463,1
4.923719825,4.953723311,1
5.637183673,5.537290391,1
4.506703519,4.555221921,1
5.722843538,5.752347185,1
5.484845073,5.309508728,1
4.663446344,4.367580695,1
5.102596362,5.101152946,1
6.145888526,6.0894132,1
6.311060786,6.525005,1
4.45583879,4.445648192,1
4.300894056,4.290452632,1
4.457806683,4.528842158,1
6.743101598,6.698367382,1
4.585564773,4.63457301,1
5.642864216,5.678000416,1
4.884833108,5.008854889,1
5.872340144,5.818349817,1
5.960604649,5.887788761,1
5.009913659,5.034129007,1
4.46024512,4.595273507,1
5.211753571,4.978233524,1
5.232957101,5.235995241,1
5.661742605,5.664530416,1
6.390112777,6.490544747,1
5.617041389,5.33451008,1
6.144947693,6.128292012,1
4.420675143,4.458440568,1
6.812577221,6.859048502,1
5.739026062,5.647585409,1
4.939273343,4.901334408,1
4.731593902,4.986967405,1
5.710242014,5.596970253,1
4.661209532,4.682264573,1
6.152787242,6.085658769,1
2.935306862,3.05842668,1
4.477543758,4.244884579,1
5.006863332,5.010050371,1
6.534302777,6.694932119,1
6.03833357,6.051016317,1
4.801977542,4.857557536,1
6.391350889,6.334212494,1
4.414581392,4.298700447,1
5.087549812,4.925768122,1
4.742175365,4.840812812,1
5.911138744,5.956664343,1
6.540984562,6.582423799,1
5.173424427,5.129426421,1
3.721359525,3.820756379,1
6.042385323,6.18938639,1
7.069691832,7.023547605,1
5.552135314,5.643486212,1
4.593137346,4.561462403,1
7.37880475,7.176072338,1
4.761287851,4.924190303,1
3.994611118,4.154380545,1
4.006122772,4.249855387,1
4.957605173,5.068050273,1
5.290955403,5.354988783,1
6.10102236,5.875647811,1
5.236107816,5.138328119,1
4.953148132,5.108850036,1
5.433880502,5.419900657,1
6.006030482,6.052540415,1
6.832908671,6.714693587,1
7.177238747,7.108079953,1
4.491567808,4.481046081,1
5.38506202,5.408268743,1
6.017269688,6.009222363,1
4.622800624,4.389044874,1
5.892234084,5.777539385,1
6.784814028,6.782284682,1
4.305972911,4.24727636,1
5.000538084,4.921162439,1
6.642137951,6.589958494,1
4.770584104,4.571020207,1
6.793052619,6.688756086,1
4.681980766,4.62368317,1
5.956267199,6.093454302,1
6.133208228,6.228921878,1
5.89316088,5.7963063,1
5.225910675,5.464210583,1
5.626977062,5.501672939,1
6.750669444,6.736750455,1
5.901751466,6.030148919,1
5.687837587,5.55269775,1
5.243229168,5.013324856,1
3.607272279,3.648643481,1
5.607867658,5.444096652,1
4.194518757,4.172516389,1
6.201735288,6.144293767,1
6.219163844,6.48885581,1
3.649834893,3.571201508,1
5.415760331,5.508140428,1
4.848204704,5.141303483,1
5.66410794,5.72608057,1
5.689474496,5.429059541,1
5.401428084,5.429440189,1
4.660488317,5.112500567,1
5.74519786,5.821677399,1
6.576826105,6.650688779,1
4.972461299,5.202679997,1
4.749547019,4.700041425,1
2.682247916,2.89908471,1
5.965335921,6.150878863,1
3.708788613,3.603121732,1
3.79853704,3.928188873,1
5.160981533,5.106197585,1
4.100993453,3.977428764,1
6.043538516,6.154096046,1
5.562776128,5.665712535,1
5.664049689,5.656147257,1
5.463485309,5.569270465,1
5.134390369,5.199503745,1
7.019773253,6.802234859,1
6.722151002,6.554197124,1
5.762329351,5.684778602,1
5.455700535,5.196781385,1
5.760680434,5.595813353,1
5.487245872,5.514339622,1
6.204091539,6.277319245,1
5.721717294,5.73201054,1
6.352835033,6.194192604,1
3.495870377,3.586448299,1
4.452042585,4.594633804,1
5.85217649,5.858367162,1
4.940187256,4.913058642,1
5.709024204,5.725303246,1
6.147903953,6.079233537,1
6.234976219,6.325208707,1
8.004102033,7.843731134,1
7.143964776,7.131551635,1
4.01020452,4.186021944,1
4.538235245,4.710434135,1
4.56776196,4.324112396,1
6.154059514,6.401746231,1
5.691242187,5.688630728,1
5.198400274,4.898776167,1
4.753933507,4.693276058,1
5.071309351,5.010946834,1
5.682079561,5.838533611,1
5.386708789,5.493366319,1
5.203727808,5.103269173,1
5.42525397,5.364049555,1
6.006549036,6.025466184,1
4.471469568,4.58713452,1
6.601692118,6.577687461,1
5.739252976,5.850687519,1
3.932314611,4.012028044,1
6.812788455,6.897362867,1
7.526011498,7.367628268,1
6.596359032,6.488449471,1
4.870199735,4.892393993,1
5.749060989,5.724519131,1
5.627401471,5.482603855,1
6.300127368,6.456438809,1
5.689959464,5.715164393,1
5.941042091,5.919383199,1
4.791052869,4.948704651,1
6.238990871,6.320030558,1
5.698732709,5.426893598,1
6.002485553,5.881036968,1
6.662279098,6.91924939,1
6.473760941,6.44406506,1
5.124927562,4.817991885,1
6.070392699,6.125659611,1
6.944148773,6.836574585,1
6.522762119,6.602410371,1
5.073195542,5.098967725,1
4.386196838,4.295533183,1
5.142362735,4.995409738,1
6.065978216,6.118949186,1
6.080764094,6.060486888,1
4.850509229,4.916965557,1
5.618038163,5.609011613,1
4.354164313,4.137333872,1
5.552052321,5.300603569,1
7.884636386,7.781291687,1
5.577051019,5.492587043,1
6.51930535,6.5310779,1
5.231288152,5.164732463,1
6.585944581,6.597439846,1
6.59978979,6.735663515,1
4.451475349,4.580974413,1
3.884424029,3.997795419,1
3.835385907,3.884528216,1
5.406775666,5.415609065,1
4.806351759,4.640649966,1
4.279514205,4.322985666,1
5.907353326,5.714784739,1
3.418857442,3.380455811,1
4.461926535,4.318532381,1
7.720496261,7.621350288,1
6.641701796,6.529732506,1
4.756021426,4.751813042,1
5.552651057,5.775604361,1
5.612591416,5.802066806,1
5.513251471,5.344268844,1
7.031092478,7.003779576,1
4.805787096,4.890879737,1
5.193088642,4.995180869,1
5.652232992,5.376870639,1
5.300614179,5.355628687,1
5.718587725,5.63130833,1
5.976317899,5.939405592,1
4.285716429,4.107202214,1
5.686667897,5.841524302,1
4.502704258,4.642953378,1
4.262138979,4.033549973,1
5.012445756,4.981686334,1
3.801452876,3.802653452,1
4.566023554,4.27642099,1
6.995849229,6.920394948,1
4.995533326,4.955683929,1
4.104595495,4.231615284,1
4.570064402,4.47625232,1
6.51599246,6.363773177,1
5.715470885,5.732436723,1
3.887532371,3.875425281,1
5.815448735,5.664688945,1
5.580576699,5.349038697,1
6.122607505,6.217734798,1
5.765093111,5.868423064,1
5.869142137,6.039243236,1
5.19504681,5.199410621,1
4.736292849,4.808662867,1
5.903740869,6.1619994,1
4.02938594,3.98502935,1
6.423290923,6.380035577,1
4.228249145,4.222175183,1
4.547018904,4.748639889,1
4.004242263,4.004082666,1
6.01936361,6.164527253,1
4.8436084,4.58004115,1
4.587249787,4.666671368,1
5.659923207,5.57305521,1
4.553313913,4.475876413,1
6.141969517,6.247018945,1
6.473930541,6.358984983,1
4.745534028,4.806465067,1
4.876522931,4.952967259,1
6.541629154,6.408968352,1
5.841690146,5.973779282,1
7.005127385,6.874645953,1
5.001239228,4.948256733,1
6.24069295,6.362872823,1
6.396408792,6.439820819,1
5.022713033,4.989389611,1
5.450164209,5.345002333,1
5.454584649,5.356558078,1
5.903599096,5.992552485,1
7.411312396,7.435497928,1
5.066775611,5.049146261,1
5.345425752,5.488678668,1
6.785141752,6.801577164,1
8.024518661,7.957472953,1
6.893668347,6.924780057,1
4.774039373,4.865210232,1
5.074024128,4.96619471,1
4.418129302,4.453310088,1
4.230069615,4.311906332,1
4.864993552,4.784952183,1
6.200960895,6.183853509,1
4.410539051,4.42041181,1
5.873230845,5.849553502,1
5.110965845,5.234010147,1
4.494010501,4.462947207,1
7.770086428,7.717339119,1
6.652931084,6.702940526,1
4.926589921,5.088268026,1
3.71345212,3.700013968,1
6.169753483,6.141458549,1
4.568577217,4.52030441,1
6.466962896,6.449747379,1
5.585705511,5.627273628,1
3.648871899,3.500677044,1
4.804867302,4.855871955,1
4.156807756,4.140481018,1
5.084059403,4.969715673,1
6.309400736,6.151065361,1
5.361967938,5.220878369,1
4.899145362,4.99699149,1
4.14319328,4.269469827,1
5.174690026,5.175063173,1
3.334675142,3.626699148,1
5.848367498,6.144307838,1
4.990622888,5.167027463,1
4.202410332,4.31837388,1
5.351251649,5.306693662,1
5.518843172,5.354592211,1
4.085831723,4.137369195,1
4.511536787,4.300913075,1
5.7936178,5.980605771,1
6.246699753,6.411862335,1
4.962724423,5.123332289,1
7.360801385,7.535965283,1
7.57492624,7.52112116,1
5.930042375,5.747026749,1
5.543963684,5.672269473,1
6.681968788,6.772833488,1
4.516901749,4.712392245,1
6.868623133,6.885241808,1
4.0236822,4.124397048,1
5.827894013,5.862784359,1
5.680226278,5.612972806,1
4.206207293,4.373457627,1
3.458285578,3.859305318,1
5.998037314,5.930953218,1
7.064163815,7.159494967,1
6.202656288,5.979075185,1
5.309867768,5.507912463,1
5.291340159,5.566067101,1
7.321782548,7.166311715,1
5.68340659,5.730766363,1
4.916292585,5.176845733,1
6.363096101,6.216439197,1
6.317351239,6.204311964,1
8.914952094,8.900491979,1
6.758630443,6.770673239,1
5.224835901,5.268518316,1
5.206883358,5.252355915,1
4.483784832,4.622773426,1
6.541096075,6.507460371,1
4.987198827,4.774948136,1
4.846139085,5.10992357,1
5.067346308,5.261361059,1
6.252056523,6.235223589,1
3.678714787,3.453326804,1
6.876249512,6.925571709,1
5.504237215,5.563010548,1
5.518289421,5.754703538,1
5.583014946,5.493803051,1
6.85251528,6.749567445,1
6.632151151,6.865894337,1
6.567675782,6.620052924,1
5.645828217,5.731843951,1
6.113814358,6.292392114,1
5.216065583,5.351587233,1
4.778742619,4.783454275,1
6.083897445,5.986127704,1
6.270409989,6.352079646,1
5.165390507,5.480611117,1
4.980697279,4.88190095,1
5.279852766,5.165871095,1
6.671766218,6.758885775,1
6.022624237,5.948918163,1
5.138538591,5.130667622,1
5.569985609,5.394245372,1
6.95705122,6.928405885,1
4.659359528,4.751448735,1
6.979982633,6.970998152,1
7.441384042,7.391260527,1
5.730719943,5.779936141,1
4.369347488,4.340449024,1
5.747742407,6.094435415,1
4.317734665,4.603855787,1
5.465629663,5.605833638,1
5.999823019,5.970979377,1
6.054205095,6.011824991,1
4.755392234,4.677755721,1
6.282145212,6.09628084,1
7.141833205,7.227161852,1
6.743310953,6.622968252,1
4.784633274,4.853450468,1
4.039442751,4.134686119,1
5.874219503,5.859640682,1
5.570719652,5.486008244,1
5.79523938,5.780711106,1
5.442592492,5.603302857,1
4.343329427,4.453945709,1
6.425336989,6.316453977,1
5.177216763,5.154458968,1
5.647130744,5.651605004,1
4.064258796,4.238437498,1
2.50604407,2.512351045,1
4.666110951,4.517647363,1
5.463694027,5.633780617,1
6.882196739,6.807930138,1
5.972440245,6.035510924,1
5.210087073,5.275306037,1
5.633383336,5.601295822,1
5.911302581,5.707768773,1
6.184791629,6.114337993,1
5.005536068,4.901372531,1
4.921227884,4.717464596,1
6.181794319,6.112386783,1
3.538883053,3.336143706,1
5.964587414,5.841065499,1
3.273050162,3.301290026,1
6.893261226,6.888567605,1
4.252027924,4.46055548,1
5.762958011,5.750558801,1
4.885925639,4.708747875,1
5.957091432,5.969795434,1
7.274237906,7.025720887,1
5.991876233,5.556001401,1
4.859625158,5.062757106,1
4.889242116,4.772555526,1
4.867746566,4.899891333,1
6.860937363,6.835085349,1
5.670590627,5.516515563,1
6.226649236,6.144656579,1
5.089665023,5.10755962,1
4.889168924,4.866677476,1
6.082745934,6.395793626,1
5.142188755,5.01802068,1
4.441043946,4.445938483,1
3.339293673,3.493434562,1
7.00042815,6.843396876,1
5.305088986,5.425680287,1
5.132210337,5.335688824,1
6.313370828,6.117708845,1
5.597013273,5.691000797,1
6.163098372,6.110525627,1
4.541115803,4.61352732,1
6.196578899,6.307007913,1
4.674998966,4.594086568,1
5.655234967,5.886691512,1
5.355273488,5.457747687,1
4.538305141,4.599097593,1
6.080893458,6.122945935,1
5.461544371,5.172980736,1
4.804973264,4.830677494,1
4.615507449,4.687032925,1
6.562610333,6.559684726,1
4.227340303,4.281418427,1
4.646866632,4.801710813,1
7.403700247,7.4451018,1
4.142209523,4.106360523,1
4.691181,4.673203676,1
4.438122676,4.520483584,1
5.034217735,5.053897229,1
5.364784688,5.316318464,1
4.429115894,4.676802962,1
5.723377909,5.640826488,1
4.348248854,4.402914583,1
6.145216947,6.293598366,1
4.813380718,4.863512865,1
4.177457323,3.995438253,1
4.942188076,4.777817644,1
6.060873714,6.259087364,1
6.088918356,6.13289004,1
7.270581498,7.327922757,1
5.379883469,5.359886644,1
3.181979844,3.397842924,1
4.341428691,4.268081099,1
6.019164647,6.042221352,1
4.61453469,4.631554413,1
5.079700121,5.04581705,1
6.577792584,6.689808929,1
4.925846617,5.2729501,1
3.776128847,3.342765022,1
5.867952798,6.33742983,1
5.789180339,5.845942222,1
5.973936579,5.754463413,1
5.453839179,5.54927223,1
4.586736535,4.705046727,1
5.714360813,5.735597804,1
4.58404016,4.4535717,1
4.627442127,4.671398471,1
5.674833518,5.632316147,1
7.413346989,7.127429621,1
6.455017058,6.136395502,1
7.13538635,7.33043099,1
6.872654137,6.869543778,1
6.895830092,6.982034992,1
4.800319275,4.826295025,1
4.349278685,4.158748122,1
6.898397003,6.673291649,1
5.309243115,5.303666105,1
4.648077622,4.552523983,1
4.961997209,4.935925425,1
5.378886911,5.262028276,1
5.503991383,5.702854166,1
7.935107429,7.944271902,1
6.156574495,6.424600087,1
6.410092126,6.524395836,1
5.840795854,5.945700708,1
5.676651265,5.640241135,1
5.096582147,5.346070083,1
5.717058775,5.528670415,1
5.234528702,4.924636907,1
4.063484088,4.139278778,1
4.457298649,4.487767834,1
5.977489255,5.837928244,1
4.351316157,4.267528837,1
7.657437631,7.903008999,1
7.489071624,7.372584806,1
6.164592225,6.123578945,1
4.183773218,4.143676775,1
4.472257852,4.469934326,1
6.520496654,6.641782529,1
5.886916311,5.677903972,1
5.546243992,5.695239375,1
7.052003955,6.868735027,1
5.482006309,5.408541973,1
4.97946761,5.030994105,1
5.389978588,5.457264121,1
4.296868705,4.470130579,1
5.849678214,5.756613181,1
4.423652957,4.442533688,1
5.882072614,5.708829789,1
5.709892422,5.7303485,1
5.000509462,5.123019557,1
4.440510024,4.532690288,1
5.434832829,5.377980057,1
4.520269546,4.27143352,1
5.91363741,5.923811067,1
5.870253948,5.714646686,1
5.210673778,5.303698275,1
7.960677741,7.759709234,1
6.476357094,6.749404991,1
5.664135799,5.823406293,1
5.729175965,5.881362673,1
5.54655589,5.557080325,1
5.978983549,6.115444951,1
3.241192372,3.083585903,1
5.985236585,6.006386613,1
4.193586893,4.096452243,1
2.931412014,2.848285454,1
6.315265728,6.295844266,1
5.516850064,5.52699259,1
5.359106616,5.167429784,1
3.988902754,3.915247708,1
7.007105663,6.819485036,1
6.558002235,6.595665183,1
4.885005013,5.034054391,1
4.820371995,4.833618285,1
4.954467681,4.976165803,1
3.989773647,4.132752631,1
6.431847631,6.225225719,1
4.278273814,4.111036682,1
4.950516964,5.088047757,1
5.37238899,5.32884818,1
5.571852201,5.44348101,1
6.490910274,6.477170076,1
7.090788505,6.89908855,1
6.462873386,6.510397198,1
4.807959624,4.713023422,1
3.030193848,2.832265518,1
6.382922107,6.456559062,1
5.883329522,6.150815125,1
4.234853728,4.342211917,1
5.223967667,5.414631094,1
5.476563732,5.520578933,1
6.683387421,6.543400896,1
3.26561883,3.314960969,1
7.167039802,7.119240803,1
5.110121996,5.122737876,1
3.111536688,3.121876157,1
7.177338849,7.079068021,1
7.273176505,7.283827098,1
5.94880685,5.899346553,1
4.358696827,4.594047408,1
4.296268088,4.33176987,1
4.153998328,4.248242577,1
4.192048197,4.446770628,1
5.254810823,5.269319234,1
4.995551809,4.715768582,1
6.194432733,6.271196467,1
4.333820267,4.375515374,1
6.182541608,6.125124869,1
4.78428038,4.78921218,1
6.524878175,6.503842402,1
3.665653255,3.583584075,1
5.613367789,5.662506507,1
6.263436087,6.140193161,1
7.976963672,8.230353591,1
5.690978794,5.65714975,1
5.867246613,5.826865026,1
4.358571654,4.437992686,1
5.50236023,5.562431312,1
5.011659876,4.769762781,1
6.31064369,6.38380391,1
4.704213541,4.613629562,1
5.06950476,5.039640303,1
5.891459485,5.724826462,1
5.438908081,5.60317921,1
4.590167344,4.830386522,1
4.486072386,4.603153255,1
4.2249497,4.232551748,1
4.121977637,4.17436693,1
5.756821047,5.800251717,1
4.042728107,3.839387361,1
6.733615711,6.633435705,1
3.930886134,3.889048647,1
5.039941508,4.764535485,1
6.031354269,6.025377794,1
5.004823414,4.736681477,1
5.358211851,5.412129605,1
5.515288332,5.290980622,1
5.340030461,5.352462992,1
5.24270995,5.082230007,1
5.473376057,5.379960551,1
5.211552998,5.167344137,1
4.902207992,4.798506279,1
5.927766135,5.756673867,1
3.066202801,2.902431795,1
5.707007665,5.893665998,1
4.830816864,4.8012822,1
4.07270707,3.92244373,1
6.726701736,6.545543588,1
6.05812854,5.819040417,1
5.691179553,5.71508281,1
4.414266317,4.40713602,1
5.177912973,4.95077576,1
5.789506667,5.817677287,1
5.782813852,5.807472344,1
5.755577982,5.722191171,1
5.374173612,5.395906622,1
5.745000361,5.784749691,1
6.197468693,6.227260892,1
6.709705487,6.713864234,1
5.556705606,5.351776342,1
5.327347772,5.317472662,1
5.120337776,5.250040781,1
5.827698194,6.021206159,1
7.380518715,7.474511884,1
4.981258404,4.580873977,1
5.173477514,5.197149216,1
5.80073111,5.852617916,1
4.795133844,4.813363339,1
5.601015025,5.582212655,1
6.334197492,6.29505481,1
3.898004417,4.012587329,1
5.802473474,5.624473871,1
5.451253559,5.608952737,1
4.700205658,4.891484704,1
5.582898453,5.551940113,1
3.935068,4.083844214,1
3.438252275,3.46205379,1
5.991944586,6.228794749,1
6.654189065,6.624636244,1
3.676134325,3.68994043,1
4.579588409,4.650259586,1
5.57785231,5.478065846,1
5.747527724,5.894214556,1
4.915647151,4.889864399,1
5.814866823,5.956305964,1
4.463755271,4.422200482,1
5.867985122,6.065847219,1
4.909338729,4.92120603,1
5.716967098,5.647148397,1
5.150911001,5.149198849,1
6.675316733,6.677131671,1
3.074509101,3.109253729,1
5.418829926,5.33535272,1
7.173825647,7.403721572,1
5.407287194,5.389850958,1
5.436740625,5.710405106,1
4.384795503,4.337203665,1
5.42413775,5.396668816,1
5.730950286,5.586313543,1
6.290025531,6.178347219,1
5.839945558,5.764764551,1
5.324737033,5.459893219,1
6.589054636,6.462654434,1
7.691002678,7.622120091,1
3.437687428,3.173504355,1
5.822489745,5.725310577,1
5.235427944,5.105756537,1
4.000039259,4.193354376,1
4.277021091,4.464938632,1
5.693661546,5.626791499,1
5.52692412,5.541205965,1
5.513184968,5.337019677,1
6.348298909,6.192914359,1
5.08021772,5.37564423,1
5.840038374,6.089647462,1
6.077764097,6.047037491,1
6.149244646,6.317465815,1
6.218061645,6.165519646,1
5.260331178,5.281972772,1
5.709872142,5.743598613,1
3.741909837,3.817819121,1
3.112925929,3.431286866,1
7.593457506,7.707189196,1
4.223677904,4.355187857,1
6.585695381,6.65689287,1
5.19968787,5.194571034,1
5.254879783,5.427033368,1
6.004601036,5.817588149,1
6.609851987,6.448083452,1
4.889063206,4.714934385,1
5.240224031,5.113906061,1
6.213672446,6.084732399,1
4.714599442,4.621960857,1
5.192215415,5.343648167,1
6.474874766,6.524452746,1
4.070905977,3.88595918,1
4.033816888,4.119813007,1
4.347099714,4.161753814,1
5.580989408,5.575261896,1
5.169417046,5.062502318,1
6.767353991,6.902490592,1
4.120667889,3.965624211,1
6.188086474,6.174612957,1
3.650440044,3.554090191,1
3.492433365,3.297956665,1
6.17527569,6.04173405,1
4.39613768,4.326024318,1
5.880114388,6.065136446,1
6.859745761,6.738686242,1
4.816739118,4.839762694,1
5.694003116,5.611514375,1
3.816023387,3.612610821,1
5.254141044,4.810270059,1
5.953061347,5.996475744,1
5.627395396,5.37574827,1
4.830626323,4.646014305,1
5.502822719,5.368736522,1
5.636053201,5.776490224,1
6.466109871,6.489193271,1
3.238013684,3.126907651,1
6.435795392,6.378066804,1
4.696161698,5.019051269,1
5.311736182,4.852697274,1
4.74289139,4.492675445,1
4.984116213,5.117450369,1
4.936650868,4.8915849,1
4.924495231,4.824224289,1
6.167279078,6.329719723,1
4.437868154,4.496456727,1
5.402156642,5.182648199,1
4.794030115,4.618736435,1
6.539179947,6.776828951,1
7.004569054,7.053467215,1
6.318138209,6.339145587,1
5.148867017,5.416216104,1
4.098817251,4.397684318,1
4.975690853,4.929203364,1
4.692288474,4.560096676,1
5.829935196,5.779011749,1
4.893134086,4.733963012,1
2.767850189,2.806616517,1
4.379593783,4.429963809,1
6.545103611,6.619264801,1
4.349499065,4.235346211,1
3.37198232,3.638994754,1
7.000065984,6.817704983,1
4.375317721,4.385050522,1
6.272742731,6.342700012,1
5.269097884,5.230242861,1
5.425777021,5.243188954,1
3.67307766,3.800467939,1
5.863324504,5.991482666,1
7.573079808,7.463334598,1
5.582587227,5.77959787,1
4.601869225,4.754272923,1
4.44798957,4.343365525,1
5.882676373,5.919797268,1
5.388673883,5.416272803,1
5.310304758,5.714642524,1
4.515478685,4.578487837,1
7.209903644,7.205043999,1
6.549599913,6.476252471,1
6.532302325,6.432644347,1
6.267563092,6.119037123,1
4.93116566,4.896427942,1
5.371022259,5.218407014,1
6.517637527,6.502605101,1
3.818678514,3.919048182,1
8.325019041,8.327490244,1
5.949785508,5.99909061,1
4.803792934,5.049809244,1
4.179502068,4.323234866,1
6.113010611,6.061126807,1
5.58852836,5.691432037,1
5.352891897,5.418751278,1
6.59673303,6.372162139,1
5.496692834,5.447789781,1
6.647641268,6.405265736,1
3.234654443,2.975463963,1
5.363319631,5.337613596,1
5.315966413,5.130431105,1
7.708444725,7.720750283,1
3.768995565,3.561751263,1
3.514506293,3.317291934,1
4.220404387,4.089396714,1
4.391767065,4.467494506,1
5.439314773,5.334321073,1
6.291689788,6.494316123,1
5.378678116,5.441316368,1
4.585322512,4.474312059,1
5.723302951,5.754903471,1
5.552519721,5.462544057,1
7.12060618,7.079257715,1
5.559174013,5.441434192,1
4.54798515,4.327326867,1
6.221828629,6.158741498,1
6.025211869,5.964352989,1
6.454425652,6.228211363,1
5.086808814,5.138913915,1
4.50076186,4.340212691,1
4.969189213,5.071012792,1
5.787218639,5.844987065,1
4.821530356,4.86927373,1
5.541230245,5.487611223,1
5.819482154,5.613542131,1
5.746692951,6.011919168,1
7.001828834,7.224317291,1
6.185272023,6.174967777,1
4.939581198,4.726955457,1
6.315573208,6.384668344,1
6.360981041,6.290221979,1
5.908377125,5.96749264,1
5.435420201,5.446453641,1
5.158020455,5.210015395,1
5.917035098,5.759522726,1
4.631892797,4.782136528,1
3.354966873,3.571135075,1
6.391276387,6.405656273,1
5.521471441,5.524033782,1
6.271376151,6.302838554,1
5.16764602,5.334320248,1
6.544419002,6.471239032,1
3.916504507,4.128005368,1
4.514640778,4.623018581,1
6.788813628,6.663883856,1
8.504876746,8.416496466,1
4.895563201,4.988534708,1
4.439923615,4.522149094,1
6.195248534,6.069146714,1
4.47465189,4.736906648,1
5.579781182,5.646445646,1
5.846015594,5.68385339,1
6.346996314,6.269847773,1
6.613482696,6.588410828,1
6.672324497,6.391821542,1
5.602659075,5.450981148,1
7.578775912,7.444994098,1
5.444848712,5.519000318,1
5.280336312,5.42165411,1
6.57279751,6.614191019,1
6.570918033,6.467530646,1
6.260772157,6.144411512,1
4.571917986,4.385809934,1
4.756448705,4.731331591,1
4.89032934,4.861481356,1
6.701730279,6.469155114,1
4.900122075,4.858833305,1
5.412226777,5.659031215,1
6.95168151,7.187998956,1
